,Age,Fishing Experience,Province,Fishing Role,Experience as Head of Communities,Fishing Duration,Number of Experience with Disaster,Level of Interaction with Disaster,Wn-1,Wn-10,Wn-11,Wn-12,Wn-13,Wn-14,Wn-15,Wn-16,Wn-17,Wn-2,Wn-3,Wn-4,Wn-5,Wn-6,Wn-7,Wn-8,Wn-9,Number of LIK Combination,Usage Duration,Frequency of Usage (min) (in month),Frequency of Usage (max) (in month),Average Frequency of Usage (in month),Action Anticipation (Respon based on LIK codes)
8,23,3,1,1,0,1,1,2,0,0,0,0,0,0,0,0,0,0,1,0,0,0,0,0,0,2,3,3.0,4.0,"3,5",Wn-3: Adjust fishing time
9,23,3,1,1,0,1,1,2,0,0,0,0,0,0,0,0,0,0,0,1,0,0,0,0,0,2,3,3.0,4.0,"3,5",Wn-4: Adjust fishing time
10,24,2,1,1,0,1,2,5,0,0,0,0,0,0,0,0,0,0,1,0,0,0,0,0,0,3,2,16.0,20.0,18,Wn-3: Adjust fishing time
11,24,2,1,1,0,1,2,5,0,0,0,0,0,0,0,0,0,0,0,0,0,0,0,1,0,3,2,16.0,20.0,18,Wn-8: Repair boat
12,24,2,1,1,0,1,2,5,0,0,1,0,0,0,0,0,0,0,0,0,0,0,0,0,0,3,2,16.0,20.0,18,Wn-11: Be careful
14,24,2,1,1,0,1,3,0,1,0,0,0,0,0,0,0,0,0,0,0,0,0,0,0,0,1,3,3.0,4.0,"3,5",Wn-1: Stay alert/retrieve fishing gear
18,24,5,1,1,0,1,1,5,0,0,0,0,0,0,0,0,0,0,0,0,0,0,0,1,0,3,5,5.0,7.0,6,Wn-8: Adjust fishing time
19,24,5,1,1,0,1,1,5,0,0,0,1,0,0,0,0,0,0,0,0,0,0,0,0,0,3,5,5.0,7.0,6,Wn-12: Repair boat
20,24,5,1,1,0,1,1,5,0,0,0,0,0,0,1,0,0,0,0,0,0,0,0,0,0,3,5,5.0,7.0,6,Wn-15: Be careful
29,26,3,1,1,0,1,3,0,0,0,0,0,0,0,0,0,0,0,1,0,0,0,0,0,0,3,4,3.0,3.0,3,Wn-3: Be careful
30,26,3,1,1,0,1,3,0,0,0,0,0,0,0,0,0,0,0,0,0,0,0,1,0,0,3,4,3.0,3.0,3,Wn-7: No action
31,26,3,1,1,0,1,3,0,0,0,0,0,0,0,0,0,0,0,0,0,0,0,0,1,0,3,4,3.0,3.0,3,Wn-8: Stay alert/retrieve fishing gear
35,26,7,1,1,0,1,2,3,0,0,0,0,0,1,0,0,0,0,0,0,0,0,0,0,0,1,7,16.0,20.0,18,Wn-14: Be careful
39,27,4,1,1,0,1,2,1,0,0,0,0,0,0,0,0,0,0,0,0,0,0,0,1,0,2,5,2.0,2.0,2,Wn-8: Adjust fishing time
40,27,4,1,1,0,1,2,1,0,1,0,0,0,0,0,0,0,0,0,0,0,0,0,0,0,2,5,2.0,2.0,2,Wn-10: Be careful
42,27,4,1,1,0,1,3,6,0,0,0,0,0,0,0,0,0,1,0,0,0,0,0,0,0,3,5,16.0,20.0,18,Wn-2: Adjust fishing time
43,27,4,1,1,0,1,3,6,0,0,0,0,0,0,0,0,0,0,0,0,0,0,1,0,0,3,5,16.0,20.0,18,Wn-7: Repair boat
44,27,4,1,1,0,1,3,6,0,0,0,0,0,1,0,0,0,0,0,0,0,0,0,0,0,3,5,16.0,20.0,18,Wn-14: Be careful
51,27,5,1,1,0,1,2,2,1,0,0,0,0,0,0,0,0,0,0,0,0,0,0,0,0,3,5,16.0,20.0,18,Wn-1: Adjust fishing time
52,27,5,1,1,0,1,2,2,0,0,0,0,0,0,0,0,0,0,1,0,0,0,0,0,0,3,5,16.0,20.0,18,Wn-3: Repair boat
53,27,5,1,1,0,1,2,2,0,0,0,0,0,0,0,0,0,0,0,0,0,0,0,1,0,3,5,16.0,20.0,18,Wn-8: Be careful
55,27,5,1,1,0,1,2,4,0,0,0,0,0,0,0,0,0,0,1,0,0,0,0,0,0,3,5,16.0,20.0,18,Wn-3: Adjust fishing time
56,27,5,1,1,0,1,2,4,0,0,0,0,0,0,0,0,0,0,0,1,0,0,0,0,0,3,5,16.0,20.0,18,Wn-4: Adjust fishing time
57,27,5,1,1,0,1,2,4,0,0,0,0,0,0,0,0,0,0,0,0,0,0,0,0,1,3,5,16.0,20.0,18,Wn-9: Be careful
65,28,4,1,1,0,1,2,4,0,0,0,0,0,0,0,0,0,1,0,0,0,0,0,0,0,3,4,16.0,20.0,18,Wn-2: Adjust fishing time
66,28,4,1,1,0,1,2,4,0,0,0,0,0,0,0,0,0,0,0,0,1,0,0,0,0,3,4,16.0,20.0,18,Wn-5: Repair boat
67,28,4,1,1,0,1,2,4,0,1,0,0,0,0,0,0,0,0,0,0,0,0,0,0,0,3,4,16.0,20.0,18,Wn-10: Be careful
69,28,5,1,1,0,1,4,4,1,0,0,0,0,0,0,0,0,0,0,0,0,0,0,0,0,3,6,16.0,20.0,18,Wn-1: Adjust fishing time
70,28,5,1,1,0,1,4,4,0,0,0,0,0,0,0,0,0,0,0,1,0,0,0,0,0,3,6,16.0,20.0,18,Wn-4: Repair boat
71,28,5,1,1,0,1,4,4,0,0,0,0,0,0,0,0,0,0,0,0,0,0,1,0,0,3,6,16.0,20.0,18,Wn-7: Be careful
82,28,6,1,1,0,1,2,5,1,0,0,0,0,0,0,0,0,0,0,0,0,0,0,0,0,2,6,16.0,24.0,20,Wn-1: Adjust fishing time
83,28,6,1,1,0,1,2,5,0,0,0,0,0,0,0,0,0,0,0,1,0,0,0,0,0,2,6,16.0,24.0,20,Wn-4: Repair boat
85,28,7,1,1,0,1,3,8,0,0,0,1,0,0,0,0,0,0,0,0,0,0,0,0,0,3,7,24.0,28.0,26,Wn-12: Adjust fishing time
86,28,7,1,1,0,1,3,8,0,0,0,0,0,0,1,0,0,0,0,0,0,0,0,0,0,3,7,24.0,28.0,26,Wn-15: Repair boat
87,28,7,1,1,0,1,3,8,0,0,0,0,0,0,0,1,0,0,0,0,0,0,0,0,0,3,7,24.0,28.0,26,Wn-16: Be careful
97,28,8,1,1,0,1,2,2,0,0,0,0,0,0,0,0,0,0,0,0,0,0,0,1,0,2,8,2.0,5.0,"3,5",Wn-8: Adjust fishing time
98,28,8,1,1,0,1,2,2,0,0,0,0,0,0,0,0,0,0,0,0,0,0,0,0,1,2,8,2.0,5.0,"3,5",Wn-9: Repair boat
104,29,5,1,1,0,1,3,1,0,0,0,0,0,0,0,0,0,1,0,0,0,0,0,0,0,2,6,1.0,2.0,"1,5",Wn-2: Be careful
105,29,5,1,1,0,1,3,1,0,0,0,0,0,0,0,0,0,0,1,0,0,0,0,0,0,2,6,1.0,2.0,"1,5",Wn-3: Be careful
111,29,6,1,1,0,1,2,0,1,0,0,0,0,0,0,0,0,0,0,0,0,0,0,0,0,3,7,5.0,5.0,5,Wn-1: Stay alert/retrieve fishing gear
112,29,6,1,1,0,1,2,0,0,0,0,0,0,0,0,0,0,1,0,0,0,0,0,0,0,3,7,5.0,5.0,5,Wn-2: Be careful
113,29,6,1,1,0,1,2,0,0,0,0,0,0,0,0,0,0,0,1,0,0,0,0,0,0,3,7,5.0,5.0,5,Wn-3: Repair boat
116,29,7,1,1,0,1,2,5,0,0,0,0,0,0,0,0,0,1,0,0,0,0,0,0,0,3,7,20.0,28.0,24,Wn-2: Adjust fishing time
117,29,7,1,1,0,1,2,5,0,0,0,0,0,0,0,0,0,0,0,0,0,0,1,0,0,3,7,20.0,28.0,24,Wn-7: Repair boat
118,29,7,1,1,0,1,2,5,0,0,0,0,0,1,0,0,0,0,0,0,0,0,0,0,0,3,7,20.0,28.0,24,Wn-14: Be careful
127,29,8,1,1,0,1,3,0,0,0,0,0,0,0,0,0,0,0,0,0,0,0,1,0,0,2,8,3.0,4.0,"3,5",Wn-7: No action
128,29,8,1,1,0,1,3,0,0,0,0,0,0,0,0,0,0,0,0,0,0,0,0,1,0,2,8,3.0,4.0,"3,5",Wn-8: Stay alert/retrieve fishing gear
131,29,8,1,1,0,1,2,5,0,0,0,0,0,0,0,0,0,0,0,0,0,0,0,1,0,3,8,5.0,7.0,6,Wn-8: Adjust fishing time
132,29,8,1,1,0,1,2,5,0,0,0,0,0,0,0,0,0,0,0,0,0,0,0,0,1,3,8,5.0,7.0,6,Wn-9: Repair boat
133,29,8,1,1,0,1,2,5,0,1,0,0,0,0,0,0,0,0,0,0,0,0,0,0,0,3,8,5.0,7.0,6,Wn-10: Be careful
136,29,9,1,1,0,1,2,4,0,0,0,0,0,0,0,0,0,1,0,0,0,0,0,0,0,3,9,16.0,20.0,18,Wn-2: Adjust fishing time
137,29,9,1,1,0,1,2,4,0,0,0,0,0,0,0,0,0,0,0,0,1,0,0,0,0,3,9,16.0,20.0,18,Wn-5: Repair boat
138,29,9,1,1,0,1,2,4,0,0,0,0,0,0,0,0,0,0,0,0,0,0,0,1,0,3,9,16.0,20.0,18,Wn-8: Be careful
149,29,10,1,1,0,1,3,0,0,0,0,0,0,0,0,0,0,0,1,0,0,0,0,0,0,2,10,1.0,2.0,"1,5",Wn-3: Be careful
150,29,10,1,1,0,1,3,0,0,0,0,0,0,0,0,0,0,0,0,0,0,0,0,1,0,2,10,1.0,2.0,"1,5",Wn-8: Stay alert/retrieve fishing gear
154,29,10,1,1,0,1,3,2,0,0,0,0,1,0,0,0,0,0,0,0,0,0,0,0,0,1,10,16.0,20.0,18,Wn-13: Be careful
158,29,13,1,1,0,1,2,5,0,0,0,0,0,0,0,0,0,0,0,0,0,0,0,0,1,2,13,8.0,12.0,10,Wn-9: Repair boat
159,29,13,1,1,0,1,2,5,0,1,0,0,0,0,0,0,0,0,0,0,0,0,0,0,0,2,13,8.0,12.0,10,Wn-10: Be careful
164,30,7,1,1,0,1,4,2,0,0,0,0,0,0,0,0,0,0,1,0,0,0,0,0,0,3,8,20.0,32.0,26,Wn-3: Adjust fishing time
165,30,7,1,1,0,1,4,2,0,0,0,0,0,0,0,0,0,0,0,0,0,0,0,1,0,3,8,20.0,32.0,26,Wn-8: Be careful
166,30,7,1,1,0,1,4,2,0,0,1,0,0,0,0,0,0,0,0,0,0,0,0,0,0,3,8,20.0,32.0,26,Wn-11: Be careful
178,30,12,1,1,0,1,2,8,0,0,0,0,0,0,0,0,0,0,1,0,0,0,0,0,0,3,12,16.0,20.0,18,Wn-3: Adjust fishing time
179,30,12,1,1,0,1,2,8,0,0,0,0,0,0,0,0,0,0,0,0,0,0,0,1,0,3,12,16.0,20.0,18,Wn-8: Repair boat
180,30,12,1,1,0,1,2,8,0,0,0,0,0,0,0,0,0,0,0,0,0,0,0,0,1,3,12,16.0,20.0,18,Wn-9: Be careful
187,31,7,1,1,0,1,2,0,0,0,0,0,0,0,0,0,0,1,0,0,0,0,0,0,0,3,8,4.0,5.0,"4,5",Wn-2: Be careful
188,31,7,1,1,0,1,2,0,0,0,0,0,0,0,0,0,0,0,1,0,0,0,0,0,0,3,8,4.0,5.0,"4,5",Wn-3: Repair boat
189,31,7,1,1,0,1,2,0,0,0,0,0,0,0,0,0,0,0,0,1,0,0,0,0,0,3,8,4.0,5.0,"4,5",Wn-4: No action
197,31,10,1,1,0,1,2,0,0,0,0,0,0,0,0,0,0,1,0,0,0,0,0,0,0,2,10,3.0,3.0,3,Wn-2: No action
198,31,10,1,1,0,1,2,0,0,0,0,0,0,0,0,0,0,0,0,0,0,0,0,1,0,2,10,3.0,3.0,3,Wn-8: Stay alert/retrieve fishing gear
200,31,10,1,1,0,1,3,1,0,0,0,0,0,0,0,0,0,1,0,0,0,0,0,0,0,3,10,1.0,2.0,"1,5",Wn-2: Be careful
201,31,10,1,1,0,1,3,1,0,0,0,0,0,0,0,0,0,0,1,0,0,0,0,0,0,3,10,1.0,2.0,"1,5",Wn-3: Be careful
202,31,10,1,1,0,1,3,1,0,0,0,0,0,0,0,0,0,0,0,1,0,0,0,0,0,3,10,1.0,2.0,"1,5",Wn-4: Stay alert/retrieve fishing gear
216,33,6,1,1,0,1,2,0,1,0,0,0,0,0,0,0,0,0,0,0,0,0,0,0,0,2,6,3.0,3.0,3,Wn-1: Repair boat
217,33,6,1,1,0,1,2,0,0,0,0,0,0,0,0,0,0,0,0,0,0,0,0,1,0,2,6,3.0,3.0,3,Wn-8: Stay alert/retrieve fishing gear
224,33,9,1,1,0,1,3,0,0,0,0,0,0,0,0,0,0,0,0,0,0,0,1,0,0,2,10,2.0,3.0,"2,5",Wn-7: Be careful
225,33,9,1,1,0,1,3,0,0,0,0,0,0,0,0,0,0,0,0,0,0,0,0,1,0,2,10,2.0,3.0,"2,5",Wn-8: Stay alert/retrieve fishing gear
229,33,9,1,1,0,1,2,8,0,0,0,0,0,0,0,0,0,0,1,0,0,0,0,0,0,3,10,16.0,20.0,18,Wn-3: Adjust fishing time
230,33,9,1,1,0,1,2,8,0,0,0,0,0,0,0,0,0,0,0,0,0,0,0,1,0,3,10,16.0,20.0,18,Wn-8: Repair boat
231,33,9,1,1,0,1,2,8,0,0,0,0,0,0,0,0,0,0,0,0,0,0,0,0,1,3,10,16.0,20.0,18,Wn-9: Be careful
235,33,10,1,3,0,1,3,0,1,0,0,0,0,0,0,0,0,0,0,0,0,0,0,0,0,3,10,2.0,3.0,"2,5",Wn-1: Stay alert/retrieve fishing gear
236,33,10,1,3,0,1,3,0,0,0,0,0,0,0,0,0,0,1,0,0,0,0,0,0,0,3,10,2.0,3.0,"2,5",Wn-2: Be careful
237,33,10,1,3,0,1,3,0,0,0,0,0,0,0,0,0,0,0,0,0,0,0,0,1,0,3,10,2.0,3.0,"2,5",Wn-8: Stay alert/retrieve fishing gear
252,34,7,1,3,0,1,3,0,1,0,0,0,0,0,0,0,0,0,0,0,0,0,0,0,0,3,7,2.0,2.0,2,Wn-1: Stay alert/retrieve fishing gear
253,34,7,1,3,0,1,3,0,0,0,0,0,0,0,0,0,0,1,0,0,0,0,0,0,0,3,7,2.0,2.0,2,Wn-2: Be careful
254,34,7,1,3,0,1,3,0,0,0,0,0,0,0,0,0,0,0,1,0,0,0,0,0,0,3,7,2.0,2.0,2,Wn-3: Be careful
257,34,8,1,1,0,1,2,0,1,0,0,0,0,0,0,0,0,0,0,0,0,0,0,0,0,2,8,2.0,3.0,"2,5",Wn-1: Stay alert/retrieve fishing gear
258,34,8,1,1,0,1,2,0,0,0,0,0,0,0,0,0,0,1,0,0,0,0,0,0,0,2,8,2.0,3.0,"2,5",Wn-2: Be careful
261,34,8,1,1,0,1,2,5,1,0,0,0,0,0,0,0,0,0,0,0,0,0,0,0,0,3,8,16.0,20.0,18,Wn-1: Adjust fishing time
262,34,8,1,1,0,1,2,5,0,0,0,0,0,0,0,0,0,0,0,1,0,0,0,0,0,3,8,16.0,20.0,18,Wn-4: Repair boat
263,34,8,1,1,0,1,2,5,0,0,0,0,0,0,0,0,0,0,0,0,0,0,1,0,0,3,8,16.0,20.0,18,Wn-7: Be careful
265,34,10,1,2,0,1,2,0,1,0,0,0,0,0,0,0,0,0,0,0,0,0,0,0,0,2,10,1.0,1.0,1,Wn-1: No action
266,34,10,1,2,0,1,2,0,0,0,0,0,0,0,0,0,0,0,1,0,0,0,0,0,0,2,10,1.0,1.0,1,Wn-3: Stay alert/retrieve fishing gear
271,34,14,1,2,0,1,2,8,1,0,0,0,0,0,0,0,0,0,0,0,0,0,0,0,0,3,14,16.0,20.0,18,Wn-1: Be careful
272,34,14,1,2,0,1,2,8,0,0,0,0,0,0,0,0,0,0,0,1,0,0,0,0,0,3,14,16.0,20.0,18,Wn-4: Adjust fishing time
273,34,14,1,2,0,1,2,8,0,0,0,0,0,0,0,0,0,0,0,0,0,0,0,0,1,3,14,16.0,20.0,18,Wn-9: Stay alert/retrieve fishing gear
277,35,8,1,1,0,1,3,8,0,0,0,0,0,0,0,0,0,0,0,0,0,0,1,0,0,3,14,16.0,20.0,18,Wn-7: Adjust fishing time
278,35,8,1,1,0,1,3,8,0,0,0,0,0,0,0,0,0,0,0,0,0,0,0,0,1,3,14,16.0,20.0,18,Wn-9: Repair boat
279,35,8,1,1,0,1,3,8,0,0,1,0,0,0,0,0,0,0,0,0,0,0,0,0,0,3,14,16.0,20.0,18,Wn-11: Be careful
282,35,10,1,1,0,1,2,1,1,0,0,0,0,0,0,0,0,0,0,0,0,0,0,0,0,3,10,2.0,3.0,"2,5",Wn-1: Stay alert/retrieve fishing gear
283,35,10,1,1,0,1,2,1,0,0,0,0,0,0,0,0,0,1,0,0,0,0,0,0,0,3,10,2.0,3.0,"2,5",Wn-2: Be careful
284,35,10,1,1,0,1,2,1,0,0,0,0,0,0,0,0,0,0,0,0,0,0,1,0,0,3,10,2.0,3.0,"2,5",Wn-7: No action
286,35,10,1,2,0,1,2,1,1,0,0,0,0,0,0,0,0,0,0,0,0,0,0,0,0,2,10,1.0,2.0,"1,5",Wn-1: Stay alert/retrieve fishing gear
287,35,10,1,2,0,1,2,1,0,0,0,0,0,0,0,0,0,1,0,0,0,0,0,0,0,2,10,1.0,2.0,"1,5",Wn-2: Be careful
294,35,10,1,2,0,1,2,0,1,0,0,0,0,0,0,0,0,0,0,0,0,0,0,0,0,2,11,4.0,5.0,"4,5",Wn-1: No action
295,35,10,1,2,0,1,2,0,0,0,0,0,0,0,0,0,0,0,0,0,0,0,0,1,0,2,11,4.0,5.0,"4,5",Wn-8: Stay alert/retrieve fishing gear
297,35,10,1,2,0,1,2,5,0,0,0,0,0,0,0,0,0,0,1,0,0,0,0,0,0,3,11,16.0,20.0,18,Wn-3: Adjust fishing time
298,35,10,1,2,0,1,2,5,0,0,0,0,0,0,0,0,0,0,0,0,0,0,0,1,0,3,11,16.0,20.0,18,Wn-8: Repair boat
299,35,10,1,2,0,1,2,5,0,0,1,0,0,0,0,0,0,0,0,0,0,0,0,0,0,3,11,16.0,20.0,18,Wn-11: Be careful
307,35,13,1,1,0,1,3,0,0,0,0,0,0,0,0,0,0,0,0,0,0,0,1,0,0,2,13,3.0,4.0,"3,5",Wn-7: Be careful
308,35,13,1,1,0,1,3,0,0,0,0,0,0,0,0,0,0,0,0,0,0,0,0,1,0,2,13,3.0,4.0,"3,5",Wn-8: Stay alert/retrieve fishing gear
312,35,15,1,1,0,2,2,0,1,0,0,0,0,0,0,0,0,0,0,0,0,0,0,0,0,3,15,3.0,3.0,3,Wn-1: Stay alert/retrieve fishing gear
313,35,15,1,1,0,2,2,0,0,0,0,0,0,0,0,0,0,1,0,0,0,0,0,0,0,3,15,3.0,3.0,3,Wn-2: Be careful
314,35,15,1,1,0,2,2,0,0,0,0,0,0,0,0,0,0,0,0,1,0,0,0,0,0,3,15,3.0,3.0,3,Wn-4: No action
316,35,15,1,2,0,1,2,1,0,0,0,0,0,0,0,0,0,0,1,0,0,0,0,0,0,3,15,3.0,3.0,3,Wn-3: Be careful
317,35,15,1,2,0,1,2,1,0,0,0,0,0,0,0,0,0,0,0,0,0,0,1,0,0,3,15,3.0,3.0,3,Wn-7: No action
318,35,15,1,2,0,1,2,1,0,0,0,0,0,0,0,0,0,0,0,0,0,0,0,1,0,3,15,3.0,3.0,3,Wn-8: Stay alert/retrieve fishing gear
324,36,7,1,1,0,1,4,2,0,0,0,0,0,0,0,0,0,1,0,0,0,0,0,0,0,3,7,4.0,5.0,"4,5",Wn-2: Be careful
325,36,7,1,1,0,1,4,2,0,0,0,0,0,0,0,0,0,0,0,0,0,0,1,0,0,3,7,4.0,5.0,"4,5",Wn-7: No action
326,36,7,1,1,0,1,4,2,0,0,0,0,0,0,0,0,0,0,0,0,0,0,0,1,0,3,7,4.0,5.0,"4,5",Wn-8: Stay alert/retrieve fishing gear
333,36,9,1,1,0,1,2,0,0,0,0,0,0,0,0,0,0,0,1,0,0,0,0,0,0,2,10,2.0,2.0,2,Wn-3: Be careful
334,36,9,1,1,0,1,2,0,0,0,0,0,0,0,0,0,0,0,0,0,0,0,0,1,0,2,10,2.0,2.0,2,Wn-8: Stay alert/retrieve fishing gear
336,36,10,1,1,0,1,1,7,0,0,0,0,0,0,0,0,0,0,0,0,1,0,0,0,0,3,10,20.0,24.0,22,Wn-5: Adjust fishing time
337,36,10,1,1,0,1,1,7,0,0,0,0,0,1,0,0,0,0,0,0,0,0,0,0,0,3,10,20.0,24.0,22,Wn-14: Repair boat
338,36,10,1,1,0,1,1,7,0,0,0,0,0,0,0,0,1,0,0,0,0,0,0,0,0,3,10,20.0,24.0,22,Wn-17: Be careful
347,36,13,1,1,0,1,2,6,0,0,0,0,1,0,0,0,0,0,0,0,0,0,0,0,0,3,13,16.0,20.0,18,Wn-13: Adjust fishing time
348,36,13,1,1,0,1,2,6,0,0,0,0,0,1,0,0,0,0,0,0,0,0,0,0,0,3,13,16.0,20.0,18,Wn-14: Repair boat
349,36,13,1,1,0,1,2,6,0,0,0,0,0,0,0,1,0,0,0,0,0,0,0,0,0,3,13,16.0,20.0,18,Wn-16: Be careful
355,36,14,1,2,0,1,2,0,1,0,0,0,0,0,0,0,0,0,0,0,0,0,0,0,0,2,14,2.0,2.0,2,Wn-1: Stay alert/retrieve fishing gear
356,36,14,1,2,0,1,2,0,0,0,0,0,0,0,0,0,0,1,0,0,0,0,0,0,0,2,14,2.0,2.0,2,Wn-2: Be careful
358,36,14,1,1,0,1,3,0,1,0,0,0,0,0,0,0,0,0,0,0,0,0,0,0,0,2,14,3.0,4.0,"3,5",Wn-1: Stay alert/retrieve fishing gear
359,36,14,1,1,0,1,3,0,0,0,0,0,0,0,0,0,0,1,0,0,0,0,0,0,0,2,14,3.0,4.0,"3,5",Wn-2: Be careful
363,36,18,1,1,0,1,2,2,1,0,0,0,0,0,0,0,0,0,0,0,0,0,0,0,0,3,18,16.0,20.0,18,Wn-1: Adjust fishing time
364,36,18,1,1,0,1,2,2,0,0,0,0,0,0,0,0,0,0,0,0,1,0,0,0,0,3,18,16.0,20.0,18,Wn-5: Repair boat
365,36,18,1,1,0,1,2,2,0,0,1,0,0,0,0,0,0,0,0,0,0,0,0,0,0,3,18,16.0,20.0,18,Wn-11: Be careful
367,37,7,1,1,0,1,2,0,0,0,0,0,0,0,0,0,0,0,0,0,0,0,1,0,0,2,7,3.0,4.0,"3,5",Wn-7: No action
368,37,7,1,1,0,1,2,0,0,0,0,0,0,0,0,0,0,0,0,0,0,0,0,1,0,2,7,3.0,4.0,"3,5",Wn-8: Stay alert/retrieve fishing gear
377,37,10,1,1,0,1,3,0,1,0,0,0,0,0,0,0,0,0,0,0,0,0,0,0,0,2,10,2.0,3.0,"2,5",Wn-1: Stay alert/retrieve fishing gear
378,37,10,1,1,0,1,3,0,0,0,0,0,0,0,0,0,0,1,0,0,0,0,0,0,0,2,10,2.0,3.0,"2,5",Wn-2: No action
386,37,12,1,1,0,1,2,4,0,0,0,0,0,0,0,0,0,1,0,0,0,0,0,0,0,3,12,16.0,20.0,18,Wn-2: Adjust fishing time
387,37,12,1,1,0,1,2,4,0,0,0,0,0,0,0,0,0,0,0,0,1,0,0,0,0,3,12,16.0,20.0,18,Wn-5: Repair boat
388,37,12,1,1,0,1,2,4,0,0,0,0,0,0,0,0,0,0,0,0,0,0,0,1,0,3,12,16.0,20.0,18,Wn-8: Be careful
393,37,12,1,1,0,1,5,3,0,0,1,0,0,0,0,0,0,0,0,0,0,0,0,0,0,1,13,16.0,20.0,18,Wn-11: Be careful
402,37,13,1,1,0,1,2,8,0,0,0,1,0,0,0,0,0,0,0,0,0,0,0,0,0,3,14,16.0,20.0,18,Wn-12: Adjust fishing time
403,37,13,1,1,0,1,2,8,0,0,0,0,1,0,0,0,0,0,0,0,0,0,0,0,0,3,14,16.0,20.0,18,Wn-13: Repair boat
404,37,13,1,1,0,1,2,8,0,0,0,0,0,0,0,1,0,0,0,0,0,0,0,0,0,3,14,16.0,20.0,18,Wn-16: Be careful
409,37,16,1,2,0,1,3,0,0,0,0,0,0,0,0,0,0,1,0,0,0,0,0,0,0,2,16,2.0,3.0,"2,5",Wn-2: Be careful
410,37,16,1,2,0,1,3,0,0,0,0,0,0,0,0,0,0,0,0,1,0,0,0,0,0,2,16,2.0,3.0,"2,5",Wn-4: Stay alert/retrieve fishing gear
417,38,8,1,1,0,1,2,8,0,0,0,0,0,0,0,0,0,0,0,0,0,0,0,1,0,3,8,5.0,6.0,"5,5",Wn-8: Adjust fishing time
418,38,8,1,1,0,1,2,8,0,0,1,0,0,0,0,0,0,0,0,0,0,0,0,0,0,3,8,5.0,6.0,"5,5",Wn-11: Repair boat
419,38,8,1,1,0,1,2,8,0,0,0,0,0,1,0,0,0,0,0,0,0,0,0,0,0,3,8,5.0,6.0,"5,5",Wn-14: Be careful
427,38,14,1,1,0,1,3,0,1,0,0,0,0,0,0,0,0,0,0,0,0,0,0,0,0,3,15,6.0,6.0,6,Wn-1: Stay alert/retrieve fishing gear
428,38,14,1,1,0,1,3,0,0,0,0,0,0,0,0,0,0,1,0,0,0,0,0,0,0,3,15,6.0,6.0,6,Wn-2: Be careful
429,38,14,1,1,0,1,3,0,0,0,0,0,0,0,0,0,0,0,1,0,0,0,0,0,0,3,15,6.0,6.0,6,Wn-3: Stay alert/retrieve fishing gear
436,38,16,1,2,0,1,3,1,0,0,0,0,0,0,0,0,0,0,0,0,0,0,0,0,1,2,16,2.0,3.0,"2,5",Wn-9: Repair boat
437,38,16,1,2,0,1,3,1,0,0,0,0,1,0,0,0,0,0,0,0,0,0,0,0,0,2,16,2.0,3.0,"2,5",Wn-13: No action
448,39,7,1,1,0,1,2,5,1,0,0,0,0,0,0,0,0,0,0,0,0,0,0,0,0,3,7,16.0,20.0,18,Wn-1: Adjust fishing time
449,39,7,1,1,0,1,2,5,0,0,0,0,0,0,0,0,0,0,0,0,0,1,0,0,0,3,7,16.0,20.0,18,Wn-6: Repair boat
450,39,7,1,1,0,1,2,5,0,1,0,0,0,0,0,0,0,0,0,0,0,0,0,0,0,3,7,16.0,20.0,18,Wn-10: Be careful
455,39,10,1,1,0,1,3,0,1,0,0,0,0,0,0,0,0,0,0,0,0,0,0,0,0,3,10,1.0,1.0,1,Wn-1: Stay alert/retrieve fishing gear
456,39,10,1,1,0,1,3,0,0,0,0,0,0,0,0,0,0,1,0,0,0,0,0,0,0,3,10,1.0,1.0,1,Wn-2: Be careful
457,39,10,1,1,0,1,3,0,0,0,0,0,0,0,0,0,0,0,0,0,0,0,0,1,0,3,10,1.0,1.0,1,Wn-8: Stay alert/retrieve fishing gear
483,39,15,1,1,0,1,2,8,0,0,0,0,0,0,0,0,0,0,0,1,0,0,0,0,0,3,16,2.0,4.0,3,Wn-4: Adjust fishing time
484,39,15,1,1,0,1,2,8,0,0,0,0,0,0,0,0,0,0,0,0,0,0,1,0,0,3,16,2.0,4.0,3,Wn-7: Repair boat
485,39,15,1,1,0,1,2,8,0,0,0,0,0,0,0,0,0,0,0,0,0,0,0,1,0,3,16,2.0,4.0,3,Wn-8: Be careful
486,39,16,1,1,0,1,3,3,1,0,0,0,0,0,0,0,0,0,0,0,0,0,0,0,0,2,16,3.0,4.0,"3,5",Wn-1: Stay alert/retrieve fishing gear
487,39,16,1,1,0,1,3,3,0,0,0,0,0,0,0,0,0,0,0,0,0,0,1,0,0,2,16,3.0,4.0,"3,5",Wn-7: Be careful
491,39,16,1,1,0,1,3,0,0,0,0,0,0,0,0,0,0,1,0,0,0,0,0,0,0,2,16,3.0,4.0,"3,5",Wn-2: Be careful
492,39,16,1,1,0,1,3,0,0,0,0,0,0,0,0,0,0,0,0,0,0,0,1,0,0,2,16,3.0,4.0,"3,5",Wn-7: No action
498,39,18,1,1,0,2,2,0,0,0,0,0,0,0,0,0,0,0,1,0,0,0,0,0,0,2,18,3.0,4.0,"3,5",Wn-3: Be careful
499,39,18,1,1,0,2,2,0,0,0,0,0,0,0,0,0,0,0,0,0,0,0,1,0,0,2,18,3.0,4.0,"3,5",Wn-7: No action
501,39,19,1,1,0,1,2,2,1,0,0,0,0,0,0,0,0,0,0,0,0,0,0,0,0,3,19,16.0,20.0,18,Wn-1: Adjust fishing time
502,39,19,1,1,0,1,2,2,0,0,0,0,0,0,0,0,0,0,0,0,0,1,0,0,0,3,19,16.0,20.0,18,Wn-6: Repair boat
503,39,19,1,1,0,1,2,2,0,1,0,0,0,0,0,0,0,0,0,0,0,0,0,0,0,3,19,16.0,20.0,18,Wn-10: Be careful
506,40,10,1,2,0,1,1,0,1,0,0,0,0,0,0,0,0,0,0,0,0,0,0,0,0,3,10,3.0,3.0,3,Wn-1: Stay alert/retrieve fishing gear
507,40,10,1,2,0,1,1,0,0,0,0,0,0,0,0,0,0,1,0,0,0,0,0,0,0,3,10,3.0,3.0,3,Wn-2: Be careful
508,40,10,1,2,0,1,1,0,0,0,0,0,0,0,0,0,0,0,0,1,0,0,0,0,0,3,10,3.0,3.0,3,Wn-4: No action
509,40,10,1,1,0,1,1,2,1,0,0,0,0,0,0,0,0,0,0,0,0,0,0,0,0,3,10,16.0,20.0,18,Wn-1: Be careful
510,40,10,1,1,0,1,1,2,0,0,0,0,0,0,0,0,0,0,0,1,0,0,0,0,0,3,10,16.0,20.0,18,Wn-4: Adjust fishing time
511,40,10,1,1,0,1,1,2,0,0,0,0,0,0,0,0,0,0,0,0,0,0,0,0,1,3,10,16.0,20.0,18,Wn-9: Stay alert/retrieve fishing gear
516,40,11,1,1,0,1,2,8,0,0,0,0,0,0,0,0,0,0,0,1,0,0,0,0,0,3,11,5.0,6.0,"5,5",Wn-4: Adjust fishing time
517,40,11,1,1,0,1,2,8,0,0,0,0,0,0,0,0,0,0,0,0,0,0,1,0,0,3,11,5.0,6.0,"5,5",Wn-7: Repair boat
518,40,11,1,1,0,1,2,8,0,0,0,0,0,0,0,0,0,0,0,0,0,0,0,1,0,3,11,5.0,6.0,"5,5",Wn-8: Be careful
519,40,15,1,2,0,1,2,7,1,0,0,0,0,0,0,0,0,0,0,0,0,0,0,0,0,4,15,16.0,24.0,20,Wn-1: Be careful
520,40,15,1,2,0,1,2,7,0,0,0,0,0,0,0,0,0,0,0,1,0,0,0,0,0,4,15,16.0,24.0,20,Wn-4: Adjust fishing time
521,40,15,1,2,0,1,2,7,0,0,0,0,0,0,0,0,0,0,0,0,0,0,1,0,0,4,15,16.0,24.0,20,Wn-7: No action
522,40,15,1,2,0,1,2,7,0,1,0,0,0,0,0,0,0,0,0,0,0,0,0,0,0,4,15,16.0,24.0,20,Wn-10: Be careful
525,40,15,1,2,1,3,3,3,1,0,0,0,0,0,0,0,0,0,0,0,0,0,0,0,0,1,15,2.0,2.0,2,Wn-1: Be careful
526,40,15,1,2,1,3,3,4,0,0,0,0,0,0,0,0,0,1,0,0,0,0,0,0,0,1,14,3.0,3.0,3,Wn-2: Stay alert/retrieve fishing gear
532,40,15,1,1,0,3,2,3,1,0,0,0,0,0,0,0,0,0,0,0,0,0,0,0,0,2,15,3.0,3.0,3,Wn-1: Adjust fishing time
533,40,15,1,1,0,3,2,3,0,0,0,1,0,0,0,0,0,0,0,0,0,0,0,0,0,2,15,3.0,3.0,3,Wn-12: Be careful
535,40,15,1,1,0,3,2,4,1,0,0,0,0,0,0,0,0,0,0,0,0,0,0,0,0,2,15,3.0,3.0,3,Wn-1: Adjust fishing time
536,40,15,1,1,0,3,2,4,0,0,0,0,0,0,0,0,0,0,0,1,0,0,0,0,0,2,15,3.0,3.0,3,Wn-4: Stay alert/retrieve fishing gear
542,40,16,1,1,0,1,2,0,1,0,0,0,0,0,0,0,0,0,0,0,0,0,0,0,0,2,16,4.0,5.0,"4,5",Wn-1: No action
543,40,16,1,1,0,1,2,0,0,0,0,0,0,0,0,0,0,0,1,0,0,0,0,0,0,2,16,4.0,5.0,"4,5",Wn-3: Stay alert/retrieve fishing gear
545,40,16,1,1,0,1,3,2,1,0,0,0,0,0,0,0,0,0,0,0,0,0,0,0,0,2,16,4.0,5.0,"4,5",Wn-1: Stay alert/retrieve fishing gear
546,40,16,1,1,0,1,3,2,0,0,0,0,0,0,0,0,0,1,0,0,0,0,0,0,0,2,16,4.0,5.0,"4,5",Wn-2: Be careful
551,40,17,1,1,0,1,3,0,0,0,0,0,0,0,0,0,0,0,1,0,0,0,0,0,0,3,17,3.0,3.0,3,Wn-3: Be careful
552,40,17,1,1,0,1,3,0,0,0,0,0,0,0,0,0,0,0,0,0,0,0,1,0,0,3,17,3.0,3.0,3,Wn-7: No action
553,40,17,1,1,0,1,3,0,0,0,0,0,0,0,0,0,0,0,0,0,0,0,0,1,0,3,17,3.0,3.0,3,Wn-8: Stay alert/retrieve fishing gear
560,40,20,1,1,1,1,2,0,1,0,0,0,0,0,0,0,0,0,0,0,0,0,0,0,0,4,20,3.0,3.0,3,Wn-1: Stay alert/retrieve fishing gear
561,40,20,1,1,1,1,2,0,0,0,0,0,0,0,0,0,0,1,0,0,0,0,0,0,0,4,20,3.0,3.0,3,Wn-2: Be careful
562,40,20,1,1,1,1,2,0,0,0,0,0,0,0,0,0,0,0,0,1,0,0,0,0,0,4,20,3.0,3.0,3,Wn-4: No action
563,40,20,1,1,1,1,2,0,0,0,0,0,0,0,0,0,0,0,0,0,0,0,1,0,0,4,20,3.0,3.0,3,Wn-7: Adjust fishing time
565,40,22,1,1,0,2,2,0,0,0,0,0,0,0,0,0,0,0,1,0,0,0,0,0,0,2,22,2.0,2.0,2,Wn-3: Be careful
566,40,22,1,1,0,2,2,0,0,0,0,0,0,0,0,0,0,0,0,0,0,0,0,1,0,2,22,2.0,2.0,2,Wn-8: Stay alert/retrieve fishing gear
568,40,25,1,2,0,1,3,3,0,0,1,0,0,0,0,0,0,0,0,0,0,0,0,0,0,1,25,8.0,20.0,14,Wn-11: Be careful
571,40,25,1,2,0,1,2,3,1,0,0,0,0,0,0,0,0,0,0,0,0,0,0,0,0,3,25,16.0,20.0,18,Wn-1: Adjust fishing time
572,40,25,1,2,0,1,2,3,0,0,0,0,0,0,0,0,0,0,0,0,0,0,0,1,0,3,25,16.0,20.0,18,Wn-8: Repair boat
573,40,25,1,2,0,1,2,3,0,0,1,0,0,0,0,0,0,0,0,0,0,0,0,0,0,3,25,16.0,20.0,18,Wn-11: Be careful
575,41,13,1,1,0,1,2,0,1,0,0,0,0,0,0,0,0,0,0,0,0,0,0,0,0,2,13,4.0,5.0,"4,5",Wn-1: No action
576,41,13,1,1,0,1,2,0,0,0,0,0,0,0,0,0,0,0,0,0,0,0,0,1,0,2,13,4.0,5.0,"4,5",Wn-8: Stay alert/retrieve fishing gear
581,41,14,1,1,0,1,2,4,0,0,0,0,0,0,0,0,0,0,0,0,1,0,0,0,0,3,14,16.0,20.0,18,Wn-5: Adjust fishing time
582,41,14,1,1,0,1,2,4,0,0,0,0,0,0,0,0,0,0,0,0,0,0,1,0,0,3,14,16.0,20.0,18,Wn-7: Repair boat
583,41,14,1,1,0,1,2,4,0,0,0,0,1,0,0,0,0,0,0,0,0,0,0,0,0,3,14,16.0,20.0,18,Wn-13: Be careful
585,41,15,1,1,0,1,3,0,1,0,0,0,0,0,0,0,0,0,0,0,0,0,0,0,0,3,15,6.0,6.0,6,Wn-1: Stay alert/retrieve fishing gear
586,41,15,1,1,0,1,3,0,0,0,0,0,0,0,0,0,0,1,0,0,0,0,0,0,0,3,15,6.0,6.0,6,Wn-2: Be careful
587,41,15,1,1,0,1,3,0,0,0,0,0,0,0,0,0,0,0,1,0,0,0,0,0,0,3,15,6.0,6.0,6,Wn-3: Stay alert/retrieve fishing gear
591,41,16,1,1,0,2,5,1,1,0,0,0,0,0,0,0,0,0,0,0,0,0,0,0,0,2,16,2.0,2.0,2,Wn-1: Stay alert/retrieve fishing gear
592,41,16,1,1,0,2,5,1,0,0,0,0,0,0,0,0,0,1,0,0,0,0,0,0,0,2,16,2.0,2.0,2,Wn-2: Be careful
598,41,16,1,1,0,3,3,3,1,0,0,0,0,0,0,0,0,0,0,0,0,0,0,0,0,1,15,2.0,2.0,2,Wn-1: Adjust fishing time
599,41,16,1,1,0,3,3,3,0,0,0,1,0,0,0,0,0,0,0,0,0,0,0,0,0,1,16,3.0,3.0,3,Wn-12: Be careful
601,41,16,1,1,0,3,2,2,0,0,0,0,0,0,0,0,0,0,1,0,0,0,0,0,0,1,15,2.0,2.0,2,Wn-3: Be careful
603,41,16,1,1,0,3,2,3,1,0,0,0,0,0,0,0,0,0,0,0,0,0,0,0,0,1,16,2.0,2.0,2,Wn-1: Adjust fishing time
604,41,16,1,1,0,3,2,4,1,0,0,0,0,0,0,0,0,0,0,0,0,0,0,0,0,2,16,3.0,3.0,3,Wn-1: Adjust fishing time
605,41,16,1,1,0,3,2,4,0,0,0,0,0,0,0,0,0,0,1,0,0,0,0,0,0,2,16,3.0,3.0,3,Wn-3: Be careful
607,41,16,1,2,0,3,2,3,0,0,0,0,0,0,0,0,0,1,0,0,0,0,0,0,0,2,16,3.0,3.0,3,Wn-2: Stay alert/retrieve fishing gear
608,41,16,1,2,0,3,2,3,0,0,0,0,0,0,0,0,0,0,1,0,0,0,0,0,0,2,16,3.0,3.0,3,Wn-3: Adjust fishing time
610,41,16,1,1,0,1,2,0,0,0,0,0,0,0,0,0,0,0,0,0,0,0,1,0,0,2,17,3.0,4.0,"3,5",Wn-7: No action
611,41,16,1,1,0,1,2,0,0,0,0,0,0,0,0,0,0,0,0,0,0,0,0,1,0,2,17,3.0,4.0,"3,5",Wn-8: Stay alert/retrieve fishing gear
617,41,17,1,2,0,1,2,5,1,0,0,0,0,0,0,0,0,0,0,0,0,0,0,0,0,3,18,16.0,20.0,18,Wn-1: Adjust fishing time
618,41,17,1,2,0,1,2,5,0,0,0,0,0,0,0,0,0,0,0,0,0,1,0,0,0,3,18,16.0,20.0,18,Wn-6: Repair boat
619,41,17,1,2,0,1,2,5,0,1,0,0,0,0,0,0,0,0,0,0,0,0,0,0,0,3,18,16.0,20.0,18,Wn-10: Be careful
621,41,18,1,1,0,1,2,0,0,0,0,0,0,0,0,0,0,1,0,0,0,0,0,0,0,2,18,6.0,7.0,"6,5",Wn-2: No action
622,41,18,1,1,0,1,2,0,0,0,0,0,0,0,0,0,0,0,0,1,0,0,0,0,0,2,18,6.0,7.0,"6,5",Wn-4: Adjust fishing time
624,41,18,1,1,0,1,2,0,0,0,0,0,0,0,0,0,0,0,0,0,0,0,1,0,0,2,19,3.0,4.0,"3,5",Wn-7: No action
625,41,18,1,1,0,1,2,0,0,0,0,0,0,0,0,0,0,0,0,0,0,0,0,1,0,2,19,3.0,4.0,"3,5",Wn-8: Stay alert/retrieve fishing gear
631,41,20,1,1,1,1,2,0,1,0,0,0,0,0,0,0,0,0,0,0,0,0,0,0,0,3,20,3.0,3.0,3,Wn-1: Repair boat
632,41,20,1,1,1,1,2,0,0,0,0,0,0,0,0,0,0,0,0,0,0,0,1,0,0,3,20,3.0,3.0,3,Wn-7: No action
633,41,20,1,1,1,1,2,0,0,0,0,0,0,0,0,0,0,0,0,0,0,0,0,1,0,3,20,3.0,3.0,3,Wn-8: Stay alert/retrieve fishing gear
636,41,21,1,1,0,1,2,1,0,0,0,0,0,0,0,0,0,1,0,0,0,0,0,0,0,2,21,6.0,7.0,"6,5",Wn-2: No action
637,41,21,1,1,0,1,2,1,0,0,0,0,0,0,0,0,0,0,0,0,0,0,1,0,0,2,21,6.0,7.0,"6,5",Wn7: Adjust fishing time
638,41,21,1,1,0,1,2,0,0,0,0,0,0,0,0,0,0,1,0,0,0,0,0,0,0,2,21,3.0,4.0,"3,5",Wn-2: No action
639,41,21,1,1,0,1,2,0,0,0,0,0,0,0,0,0,0,0,0,0,0,0,1,0,0,2,21,3.0,4.0,"3,5",Wn7: Adjust fishing time
640,41,22,1,1,0,2,4,1,0,0,0,0,0,0,0,0,0,1,0,0,0,0,0,0,0,2,22,2.0,3.0,"2,5",Wn-2: Be careful
641,41,22,1,1,0,2,4,1,0,0,0,0,0,0,0,0,0,0,0,1,0,0,0,0,0,2,22,2.0,3.0,"2,5",Wn-4: Stay alert/retrieve fishing gear
661,42,17,1,2,1,3,3,3,0,0,0,0,0,0,0,0,0,0,1,0,0,0,0,0,0,1,15,2.0,2.0,2,Wn-3: Adjust fishing time
662,42,17,1,2,1,3,3,4,0,0,0,0,0,0,0,0,0,0,0,0,0,0,0,1,0,1,17,4.0,4.0,4,Wn-8: Be careful
664,42,17,1,1,0,3,2,3,1,0,0,0,0,0,0,0,0,0,0,0,0,0,0,0,0,2,17,3.0,3.0,3,Wn-1: Adjust fishing time
665,42,17,1,1,0,3,2,3,0,0,0,0,0,0,0,0,0,0,1,0,0,0,0,0,0,2,17,3.0,3.0,3,Wn-3: Be careful
668,42,17,1,1,1,3,2,5,1,0,0,0,0,0,0,0,0,0,0,0,0,0,0,0,0,2,17,2.0,2.0,2,Wn-1: Adjust fishing time
669,42,17,1,1,1,3,2,5,0,0,0,0,0,0,0,0,0,1,0,0,0,0,0,0,0,2,17,2.0,2.0,2,Wn-2: Stay alert/retrieve fishing gear
671,42,17,1,1,0,3,2,3,1,0,0,0,0,0,0,0,0,0,0,0,0,0,0,0,0,2,17,3.0,3.0,3,Wn-1: Be careful
672,42,17,1,1,0,3,2,3,0,0,0,0,0,0,0,0,0,0,1,0,0,0,0,0,0,2,17,3.0,3.0,3,Wn-3: Adjust fishing time
677,42,17,1,1,0,1,4,0,0,0,0,0,0,0,0,0,0,0,1,0,0,0,0,0,0,3,18,3.0,3.0,3,Wn-3: Be careful
678,42,17,1,1,0,1,4,0,0,0,0,0,0,0,0,0,0,0,0,0,0,0,1,0,0,3,18,3.0,3.0,3,Wn-7: Be careful
679,42,17,1,1,0,1,4,0,0,0,0,0,0,0,0,0,0,0,0,0,0,0,0,1,0,3,18,3.0,3.0,3,Wn-8: Stay alert/retrieve fishing gear
687,42,18,1,1,0,3,2,4,0,0,0,0,0,0,0,0,0,1,0,0,0,0,0,0,0,1,18,4.0,4.0,4,Wn-2: Be careful
688,42,18,1,1,0,3,2,3,0,0,0,0,0,0,0,1,0,0,0,0,0,0,0,0,0,1,10,1.0,1.0,1,Wn-16: Stay alert/retrieve fishing gear
690,42,19,1,1,0,1,3,0,0,0,0,0,0,0,0,0,0,0,0,0,0,0,1,0,0,2,19,1.0,2.0,"1,5",Wn-7: Be careful
691,42,19,1,1,0,1,3,0,0,0,0,0,0,0,0,0,0,0,0,0,0,0,0,1,0,2,19,1.0,2.0,"1,5",Wn-8: Stay alert/retrieve fishing gear
695,42,21,1,1,0,1,3,4,0,0,0,0,0,0,0,0,0,1,0,0,0,0,0,0,0,3,21,16.0,20.0,18,Wn-2: Be careful
696,42,21,1,1,0,1,3,4,0,0,0,0,0,0,0,0,0,0,0,0,0,1,0,0,0,3,21,16.0,20.0,18,Wn-6: Repair boat
697,42,21,1,1,0,1,3,4,0,1,0,0,0,0,0,0,0,0,0,0,0,0,0,0,0,3,21,16.0,20.0,18,Wn-10: Be careful
700,43,11,1,1,0,1,3,0,1,0,0,0,0,0,0,0,0,0,0,0,0,0,0,0,0,2,11,4.0,4.0,4,Wn-1: Repair boat
701,43,11,1,1,0,1,3,0,0,0,0,0,0,0,0,0,0,0,0,0,0,0,1,0,0,2,11,4.0,4.0,4,Wn-7: No action
705,43,16,1,1,0,1,4,2,0,0,0,0,0,0,0,0,0,1,0,0,0,0,0,0,0,3,17,4.0,5.0,"4,5",Wn-2: Be careful
706,43,16,1,1,0,1,4,2,0,0,0,0,0,0,0,0,0,0,0,0,0,0,1,0,0,3,17,4.0,5.0,"4,5",Wn-7: No action
707,43,16,1,1,0,1,4,2,0,0,0,0,0,0,0,0,0,0,0,0,0,0,0,1,0,3,17,4.0,5.0,"4,5",Wn-8: Stay alert/retrieve fishing gear
717,43,18,1,2,0,3,3,4,0,0,0,0,0,0,0,0,0,1,0,0,0,0,0,0,0,1,18,3.0,3.0,3,Wn-2: Stay alert/retrieve fishing gear
718,43,18,1,2,0,3,3,4,0,0,0,0,0,0,0,0,0,0,1,0,0,0,0,0,0,1,15,3.0,3.0,3,Wn-3: Adjust fishing time
720,43,18,1,1,1,1,3,0,1,0,0,0,0,0,0,0,0,0,0,0,0,0,0,0,0,2,18,1.0,2.0,"1,5",Wn-1: Stay alert/retrieve fishing gear
721,43,18,1,1,1,1,3,0,0,0,0,0,0,0,0,0,0,1,0,0,0,0,0,0,0,2,18,1.0,2.0,"1,5",Wn-2: Be careful
725,43,18,1,2,0,3,2,4,0,0,0,0,0,0,0,0,0,1,0,0,0,0,0,0,0,2,18,3.0,3.0,3,Wn-2: Stay alert/retrieve fishing gear
726,43,18,1,2,0,3,2,4,0,0,0,0,0,0,0,0,0,0,1,0,0,0,0,0,0,2,18,3.0,3.0,3,Wn-3: Adjust fishing time
728,43,18,1,1,0,3,2,3,1,0,0,0,0,0,0,0,0,0,0,0,0,0,0,0,0,2,18,2.0,2.0,2,Wn-1: Adjust fishing time
729,43,18,1,1,0,3,2,3,0,0,0,0,0,0,0,0,0,1,0,0,0,0,0,0,0,2,18,2.0,2.0,2,Wn-2: Stay alert/retrieve fishing gear
731,43,18,1,2,0,1,3,0,1,0,0,0,0,0,0,0,0,0,0,0,0,0,0,0,0,2,19,3.0,4.0,"3,5",Wn-1: Stay alert/retrieve fishing gear
732,43,18,1,2,0,1,3,0,0,0,0,0,0,0,0,0,0,1,0,0,0,0,0,0,0,2,19,3.0,4.0,"3,5",Wn-2: Be careful
735,43,21,1,1,0,2,2,1,0,0,0,0,0,0,0,0,0,0,0,0,0,0,0,1,0,2,21,2.0,2.0,2,Wn-8: Adjust fishing time
736,43,21,1,1,0,2,2,1,0,1,0,0,0,0,0,0,0,0,0,0,0,0,0,0,0,2,21,2.0,2.0,2,Wn-10: Be careful
749,44,17,1,1,0,1,2,0,1,0,0,0,0,0,0,0,0,0,0,0,0,0,0,0,0,3,17,5.0,5.0,5,Wn-1: Stay alert/retrieve fishing gear
750,44,17,1,1,0,1,2,0,0,0,0,0,0,0,0,0,0,1,0,0,0,0,0,0,0,3,17,5.0,5.0,5,Wn-2: Be careful
751,44,17,1,1,0,1,2,0,0,0,0,0,0,0,0,0,0,0,1,0,0,0,0,0,0,3,17,5.0,5.0,5,Wn-3: Repair boat
754,44,18,1,1,1,2,3,0,0,0,0,0,0,0,0,0,0,1,0,0,0,0,0,0,0,2,18,1.0,2.0,"1,5",Wn-2: Be careful
755,44,18,1,1,1,2,3,0,0,0,0,0,0,0,0,0,0,0,0,1,0,0,0,0,0,2,18,1.0,2.0,"1,5",Wn-4: Stay alert/retrieve fishing gear
759,44,18,1,1,0,1,2,0,0,0,0,0,0,0,0,0,0,1,0,0,0,0,0,0,0,2,19,3.0,3.0,3,Wn-2: No action
760,44,18,1,1,0,1,2,0,0,0,0,0,0,0,0,0,0,0,0,0,0,0,0,1,0,2,19,3.0,3.0,3,Wn-8: Stay alert/retrieve fishing gear
762,44,19,1,1,0,3,2,3,0,0,0,0,0,0,0,0,0,0,1,0,0,0,0,0,0,1,15,2.0,2.0,2,Wn-3: Adjust fishing time
763,44,19,1,1,0,3,2,4,0,0,0,0,0,0,0,0,0,0,0,1,0,0,0,0,0,1,19,5.0,5.0,5,Wn-4: Stay alert/retrieve fishing gear
765,44,19,1,2,0,3,2,4,0,0,0,0,0,0,0,0,0,0,1,0,0,0,0,0,0,1,19,3.0,3.0,3,Wn-3: Adjust fishing time
766,44,19,1,2,0,3,2,3,0,0,0,0,0,0,0,0,0,0,0,0,1,0,0,0,0,1,15,1.0,1.0,1,Wn-5: Be careful
768,44,19,1,2,0,3,2,5,0,0,0,0,0,0,0,0,0,1,0,0,0,0,0,0,0,2,19,3.0,3.0,3,Wn-2: Stay alert/retrieve fishing gear
769,44,19,1,2,0,3,2,5,0,0,0,0,0,0,0,0,0,0,0,1,0,0,0,0,0,2,19,3.0,3.0,3,Wn-4: Be careful
771,44,19,1,1,0,3,2,3,1,0,0,0,0,0,0,0,0,0,0,0,0,0,0,0,0,2,19,2.0,2.0,2,Wn-1: Adjust fishing time
772,44,19,1,1,0,3,2,3,0,0,0,0,0,0,0,0,0,0,0,0,0,1,0,0,0,2,19,2.0,2.0,2,Wn-6: Be careful
774,44,19,1,2,0,1,3,4,0,0,0,0,0,0,0,0,0,0,1,0,0,0,0,0,0,3,19,8.0,12.0,10,Wn-3: Adjust fishing time
775,44,19,1,2,0,1,3,4,0,0,0,0,0,0,0,0,0,0,0,0,1,0,0,0,0,3,19,8.0,12.0,10,Wn-5: Move away from beach
776,44,19,1,2,0,1,3,4,0,0,0,0,0,0,0,0,0,0,0,0,0,1,0,0,0,3,19,8.0,12.0,10,Wn-6: Repair boat
782,44,21,1,2,1,1,3,1,1,0,0,0,0,0,0,0,0,0,0,0,0,0,0,0,0,2,21,4.0,5.0,"4,5",Wn-1: Stay alert/retrieve fishing gear
783,44,21,1,2,1,1,3,1,0,0,0,0,0,0,0,0,0,1,0,0,0,0,0,0,0,2,21,4.0,5.0,"4,5",Wn-2: Be careful
787,44,21,1,1,0,1,2,8,0,0,0,1,0,0,0,0,0,0,0,0,0,0,0,0,0,3,21,16.0,20.0,18,Wn-12: Adjust fishing time
788,44,21,1,1,0,1,2,8,0,0,0,0,1,0,0,0,0,0,0,0,0,0,0,0,0,3,21,16.0,20.0,18,Wn-13: Repair boat
789,44,21,1,1,0,1,2,8,0,0,0,0,0,0,0,1,0,0,0,0,0,0,0,0,0,3,21,16.0,20.0,18,Wn-16: Be careful
792,45,10,1,2,0,1,3,6,0,0,0,0,0,0,0,0,0,1,0,0,0,0,0,0,0,3,15,16.0,20.0,18,Wn-2: Adjust fishing time
793,45,10,1,2,0,1,3,6,0,0,0,0,0,0,0,0,0,0,0,0,0,0,1,0,0,3,15,16.0,20.0,18,Wn-7: Repair boat
794,45,10,1,2,0,1,3,6,0,0,0,0,0,1,0,0,0,0,0,0,0,0,0,0,0,3,15,16.0,20.0,18,Wn-14: Be careful
813,45,18,1,1,0,1,2,0,0,0,0,0,0,0,0,0,0,0,0,0,0,0,1,0,0,2,18,4.0,4.0,4,Wn-7: No action
814,45,18,1,1,0,1,2,0,0,0,0,0,0,0,0,0,0,0,0,0,0,0,0,1,0,2,18,4.0,4.0,4,Wn-8: Stay alert/retrieve fishing gear
817,45,20,1,2,0,3,3,3,1,0,0,0,0,0,0,0,0,0,0,0,0,0,0,0,0,1,15,1.0,1.0,1,Wn-1: Adjust fishing time
818,45,20,1,2,0,3,3,2,0,0,0,0,0,0,0,0,0,0,0,0,1,0,0,0,0,1,10,2.0,2.0,2,Wn-5: Be careful
819,45,20,1,2,0,3,3,3,0,0,0,0,1,0,0,0,0,0,0,0,0,0,0,0,0,1,20,3.0,3.0,3,Wn-13: Stay alert/retrieve fishing gear
823,45,20,1,2,1,2,4,0,1,0,0,0,0,0,0,0,0,0,0,0,0,0,0,0,0,2,20,2.0,3.0,"2,5",Wn-1: Stay alert/retrieve fishing gear
824,45,20,1,2,1,2,4,0,0,0,0,0,0,0,0,0,0,1,0,0,0,0,0,0,0,2,20,2.0,3.0,"2,5",Wn2: Be careful
825,45,20,1,2,1,2,4,1,1,0,0,0,0,0,0,0,0,0,0,0,0,0,0,0,0,1,20,1.0,2.0,"1,5",Wn-1: Stay alert/retrieve fishing gear
826,45,20,1,2,1,2,4,1,0,0,0,0,0,0,0,0,0,1,0,0,0,0,0,0,0,1,20,1.0,2.0,"1,5",Wn2: Be careful
830,45,20,1,1,0,3,2,5,0,0,0,0,0,0,0,0,0,1,0,0,0,0,0,0,0,1,20,3.0,3.0,3,Wn-2: Stay alert/retrieve fishing gear
831,45,20,1,1,0,3,2,4,0,0,0,0,0,0,0,0,0,0,0,1,0,0,0,0,0,1,20,4.0,4.0,4,Wn-4: Be careful
833,45,20,1,1,0,1,2,0,1,0,0,0,0,0,0,0,0,0,0,0,0,0,0,0,0,2,21,2.0,2.0,2,Wn-1: Stay alert/retrieve fishing gear
834,45,20,1,1,0,1,2,0,0,0,0,0,0,0,0,0,0,1,0,0,0,0,0,0,0,2,21,2.0,2.0,2,Wn-2: Be careful
841,45,21,1,2,0,1,3,0,0,0,0,0,0,0,0,0,0,0,0,0,0,0,1,0,0,2,22,3.0,4.0,"3,5",Wn-7: No action
842,45,21,1,2,0,1,3,0,0,0,0,0,0,0,0,0,0,0,0,0,0,0,0,1,0,2,22,3.0,4.0,"3,5",Wn-8: Stay alert/retrieve fishing gear
851,45,27,1,1,0,1,3,2,0,0,0,0,0,0,0,0,0,1,0,0,0,0,0,0,0,2,27,4.0,4.0,4,Wn-2: Be careful
852,45,27,1,1,0,1,3,2,0,0,0,0,0,0,0,0,0,0,0,1,0,0,0,0,0,2,27,4.0,4.0,4,Wn-4: Stay alert/retrieve fishing gear
856,46,19,1,1,0,1,2,0,1,0,0,0,0,0,0,0,0,0,0,0,0,0,0,0,0,2,19,2.0,3.0,"2,5",Wn-1: Stay alert/retrieve fishing gear
857,46,19,1,1,0,1,2,0,0,0,0,0,0,0,0,0,0,1,0,0,0,0,0,0,0,2,19,2.0,3.0,"2,5",Wn-2: Be careful
859,46,19,1,1,0,1,2,0,0,0,0,0,0,0,0,0,0,0,0,0,0,0,1,0,0,2,20,3.0,3.0,3,Wn-7: Be careful
860,46,19,1,1,0,1,2,0,0,0,0,0,0,0,0,0,0,0,0,0,0,0,0,1,0,2,20,3.0,3.0,3,Wn-8: Stay alert/retrieve fishing gear
872,46,21,1,1,0,1,3,1,1,0,0,0,0,0,0,0,0,0,0,0,0,0,0,0,0,2,21,4.0,4.0,4,Wn-1: Stay alert/retrieve fishing gear
873,46,21,1,1,0,1,3,1,0,0,0,0,0,0,0,0,0,1,0,0,0,0,0,0,0,2,21,4.0,4.0,4,Wn-2: Be careful
877,47,12,1,1,0,1,2,8,0,0,0,0,0,0,0,0,0,0,0,1,0,0,0,0,0,3,12,5.0,6.0,"5,5",Wn-4: Adjust fishing time
878,47,12,1,1,0,1,2,8,0,0,0,0,0,0,0,0,0,0,0,0,0,0,1,0,0,3,12,5.0,6.0,"5,5",Wn-7: Repair boat
879,47,12,1,1,0,1,2,8,0,0,0,0,0,0,0,0,0,0,0,0,0,0,0,1,0,3,12,5.0,6.0,"5,5",Wn-8: Be careful
892,47,17,1,3,0,1,2,7,0,0,0,0,0,0,0,0,0,0,0,0,0,0,0,1,0,4,17,16.0,20.0,18,Wn-8: Be careful
893,47,17,1,3,0,1,2,7,0,0,1,0,0,0,0,0,0,0,0,0,0,0,0,0,0,4,17,16.0,20.0,18,Wn-11: Adjust fishing time
894,47,17,1,3,0,1,2,7,0,0,0,0,1,0,0,0,0,0,0,0,0,0,0,0,0,4,17,16.0,20.0,18,Wn-13: No action
895,47,17,1,3,0,1,2,7,0,0,0,0,0,0,1,0,0,0,0,0,0,0,0,0,0,4,17,16.0,20.0,18,Wn-15: Be careful
897,47,17,1,1,0,1,2,6,0,0,0,0,0,0,0,0,0,0,0,0,0,0,0,0,1,3,17,5.0,7.0,6,Wn-9: Adjust fishing time
898,47,17,1,1,0,1,2,6,0,1,0,0,0,0,0,0,0,0,0,0,0,0,0,0,0,3,17,5.0,7.0,6,Wn-10: Repair boat
899,47,17,1,1,0,1,2,6,0,0,0,0,0,1,0,0,0,0,0,0,0,0,0,0,0,3,17,5.0,7.0,6,Wn-14: Be careful
901,47,18,1,1,1,1,3,0,1,0,0,0,0,0,0,0,0,0,0,0,0,0,0,0,0,3,18,1.0,2.0,"1,5",Wn-1: Stay alert/retrieve fishing gear
902,47,18,1,1,1,1,3,0,0,0,0,0,0,0,0,0,0,1,0,0,0,0,0,0,0,3,18,1.0,2.0,"1,5",Wn-2: Be careful
903,47,18,1,1,1,1,3,0,0,0,0,0,0,0,0,0,0,0,0,0,0,0,1,0,0,3,18,1.0,2.0,"1,5",Wn7: No action
904,47,18,1,1,1,1,3,2,1,0,0,0,0,0,0,0,0,0,0,0,0,0,0,0,0,1,18,2.0,2.0,2,Wn-1: Stay alert/retrieve fishing gear
905,47,18,1,1,1,1,3,2,0,0,0,0,0,0,0,0,0,1,0,0,0,0,0,0,0,1,18,2.0,2.0,2,Wn-2: Be careful
906,47,18,1,1,1,1,3,2,0,0,0,0,0,0,0,0,0,0,0,0,0,0,1,0,0,1,18,2.0,2.0,2,Wn7: No action
909,47,19,1,1,0,1,2,0,1,0,0,0,0,0,0,0,0,0,0,0,0,0,0,0,0,3,20,1.0,2.0,"1,5",Wn-1: Stay alert/retrieve fishing gear
910,47,19,1,1,0,1,2,0,0,0,0,0,0,0,0,0,0,1,0,0,0,0,0,0,0,3,20,1.0,2.0,"1,5",Wn-2: Be careful
911,47,19,1,1,0,1,2,0,0,0,0,0,0,0,0,0,0,0,0,0,0,0,0,1,0,3,20,1.0,2.0,"1,5",Wn-8: Stay alert/retrieve fishing gear
914,47,20,1,1,0,1,3,1,0,0,0,0,0,0,0,0,0,1,0,0,0,0,0,0,0,3,20,4.0,5.0,"4,5",Wn-2: No action
915,47,20,1,1,0,1,3,1,0,0,0,0,0,0,0,0,0,0,0,0,0,0,1,0,0,3,20,4.0,5.0,"4,5",Wn-7: Adjust fishing time
916,47,20,1,1,0,1,3,1,0,0,0,0,0,0,0,0,0,0,0,0,0,0,0,1,0,3,20,4.0,5.0,"4,5",Wn-8: Be careful
920,47,20,1,1,0,1,2,0,1,0,0,0,0,0,0,0,0,0,0,0,0,0,0,0,0,2,21,2.0,3.0,"2,5",Wn-1: Stay alert/retrieve fishing gear
921,47,20,1,1,0,1,2,0,0,0,0,0,0,0,0,0,0,1,0,0,0,0,0,0,0,2,21,2.0,3.0,"2,5",Wn-2: Be careful
925,47,24,1,1,1,1,2,1,1,0,0,0,0,0,0,0,0,0,0,0,0,0,0,0,0,2,24,5.0,5.0,5,Wn-1: Stay alert/retrieve fishing gear
926,47,24,1,1,1,1,2,1,0,0,0,0,0,0,0,0,0,0,0,0,0,0,1,0,0,2,24,5.0,5.0,5,Wn-7: Be careful
928,47,29,1,1,0,1,2,5,0,0,0,0,0,0,0,0,0,0,1,0,0,0,0,0,0,2,29,4.0,5.0,"4,5",Wn-3: Repair boat
929,47,29,1,1,0,1,2,5,0,0,1,0,0,0,0,0,0,0,0,0,0,0,0,0,0,2,29,4.0,5.0,"4,5",Wn-11: Be careful
931,47,30,1,2,0,1,4,2,0,0,0,0,0,0,0,0,0,0,1,0,0,0,0,0,0,3,30,20.0,32.0,26,Wn-3: Adjust fishing time
932,47,30,1,2,0,1,4,2,0,0,0,0,0,0,0,0,0,0,0,0,0,0,0,1,0,3,30,20.0,32.0,26,Wn-8: Be careful
933,47,30,1,2,0,1,4,2,0,0,1,0,0,0,0,0,0,0,0,0,0,0,0,0,0,3,30,20.0,32.0,26,Wn-11: Be careful
940,48,27,1,1,0,1,2,0,0,0,0,0,0,0,0,0,0,1,0,0,0,0,0,0,0,3,27,4.0,5.0,"4,5",Wn-2: Be careful
941,48,27,1,1,0,1,2,0,0,0,0,0,0,0,0,0,0,0,1,0,0,0,0,0,0,3,27,4.0,5.0,"4,5",Wn-3: Repair boat
942,48,27,1,1,0,1,2,0,0,0,0,0,0,0,0,0,0,0,0,1,0,0,0,0,0,3,27,4.0,5.0,"4,5",Wn-4: No action
944,49,18,1,2,0,1,3,0,0,0,0,0,0,0,0,0,0,0,1,0,0,0,0,0,0,2,19,1.0,2.0,"1,5",Wn-3: Be careful
945,49,18,1,2,0,1,3,0,0,0,0,0,0,0,0,0,0,0,0,0,0,0,0,1,0,2,19,1.0,2.0,"1,5",Wn-8: Stay alert/retrieve fishing gear
952,49,20,1,1,0,1,3,7,0,0,0,0,0,0,0,0,0,0,1,0,0,0,0,0,0,3,21,16.0,20.0,18,Wn-3: Adjust fishing time
953,49,20,1,1,0,1,3,7,0,0,0,0,0,0,0,0,0,0,0,0,0,0,0,1,0,3,21,16.0,20.0,18,Wn-8: Repair boat
954,49,20,1,1,0,1,3,7,0,0,0,0,0,0,0,0,0,0,0,0,0,0,0,0,1,3,21,16.0,20.0,18,Wn-9: Be careful
956,49,22,1,1,0,1,3,0,0,0,0,0,0,0,0,0,0,1,0,0,0,0,0,0,0,2,23,2.0,3.0,"2,5",Wn-2: Be careful
957,49,22,1,1,0,1,3,0,0,0,0,0,0,0,0,0,0,0,0,1,0,0,0,0,0,2,23,2.0,3.0,"2,5",Wn-4: Be careful
968,49,26,1,2,0,1,2,8,1,0,0,0,0,0,0,0,0,0,0,0,0,0,0,0,0,3,10,16.0,20.0,18,Wn-1: Be careful
969,49,26,1,2,0,1,2,8,0,0,0,0,0,0,0,0,0,0,0,1,0,0,0,0,0,3,10,16.0,20.0,18,Wn-4: Adjust fishing time
970,49,26,1,2,0,1,2,8,0,1,0,0,0,0,0,0,0,0,0,0,0,0,0,0,0,3,10,16.0,20.0,18,Wn-10: Be careful
971,49,29,1,3,0,1,2,0,0,0,0,0,0,0,0,0,0,0,0,0,0,0,1,0,0,2,29,3.0,3.0,3,Wn-7: Be careful
972,49,29,1,3,0,1,2,0,0,0,0,0,0,0,0,0,0,0,0,0,0,0,0,1,0,2,29,3.0,3.0,3,Wn-8: Stay alert/retrieve fishing gear
974,50,22,1,1,0,1,2,5,1,0,0,0,0,0,0,0,0,0,0,0,0,0,0,0,0,3,23,16.0,20.0,18,Wn-1: Adjust fishing time
975,50,22,1,1,0,1,2,5,0,0,0,0,0,0,0,0,0,0,0,0,0,1,0,0,0,3,23,16.0,20.0,18,Wn-6: Repair boat
976,50,22,1,1,0,1,2,5,0,1,0,0,0,0,0,0,0,0,0,0,0,0,0,0,0,3,23,16.0,20.0,18,Wn-10: Be careful
989,50,31,1,2,1,1,3,0,1,0,0,0,0,0,0,0,0,0,0,0,0,0,0,0,0,2,31,3.0,4.0,"3,5",Wn-1: Stay alert/retrieve fishing gear
990,50,31,1,2,1,1,3,0,0,0,0,0,0,0,0,0,0,1,0,0,0,0,0,0,0,2,31,3.0,4.0,"3,5",Wn-2: Be careful
993,51,19,1,2,1,1,2,0,1,0,0,0,0,0,0,0,0,0,0,0,0,0,0,0,0,3,19,1.0,2.0,"1,5",Wn-1: Stay alert/retrieve fishing gear
994,51,19,1,2,1,1,2,0,0,0,0,0,0,0,0,0,0,1,0,0,0,0,0,0,0,3,19,1.0,2.0,"1,5",Wn-2: Be careful
995,51,19,1,2,1,1,2,0,0,0,0,0,0,0,0,0,0,0,0,0,0,0,0,1,0,3,19,1.0,2.0,"1,5",Wn-8: Stay alert/retrieve fishing gear
999,51,23,1,2,1,1,3,0,0,0,0,0,0,0,0,0,0,0,0,1,0,0,0,0,0,3,23,3.0,3.0,3,Wn-4: No action
1000,51,23,1,2,1,1,3,0,0,0,0,0,0,0,0,0,0,0,0,0,0,0,1,0,0,3,23,3.0,3.0,3,Wn-7: Be careful
1001,51,23,1,2,1,1,3,0,0,0,0,0,0,0,0,0,0,0,0,0,0,0,0,1,0,3,23,3.0,3.0,3,Wn-8: Stay alert/retrieve fishing gear
1004,51,24,1,1,0,1,3,1,1,0,0,0,0,0,0,0,0,0,0,0,0,0,0,0,0,3,24,2.0,3.0,"2,5",Wn-1: No action
1005,51,24,1,1,0,1,3,1,0,0,0,0,0,0,0,0,0,0,0,1,0,0,0,0,0,3,24,2.0,3.0,"2,5",Wn-4: Adjust fishing time
1006,51,24,1,1,0,1,3,1,0,0,0,0,0,0,0,0,0,0,0,0,0,0,1,0,0,3,24,2.0,3.0,"2,5",Wn-7: Stay alert/retrieve fishing gear
1011,51,25,1,3,0,1,2,5,1,0,0,0,0,0,0,0,0,0,0,0,0,0,0,0,0,3,26,16.0,20.0,18,Wn-1: Adjust fishing time
1012,51,25,1,3,0,1,2,5,0,0,0,0,0,0,0,0,0,0,0,1,0,0,0,0,0,3,26,16.0,20.0,18,Wn-4: Repair boat
1013,51,25,1,3,0,1,2,5,0,0,0,0,0,0,0,0,0,0,0,0,0,0,1,0,0,3,26,16.0,20.0,18,Wn-7: Be careful
1015,51,29,1,1,0,1,3,2,0,0,0,0,0,0,0,0,0,0,0,0,0,0,0,1,0,3,29,2.0,2.0,2,Wn-8: Stay alert/retrieve fishing gear
1016,51,29,1,1,0,1,3,2,0,0,0,0,0,0,0,0,0,0,0,0,0,0,0,0,1,3,29,2.0,2.0,2,Wn-9: Repair boat
1017,51,29,1,1,0,1,3,2,0,0,0,0,1,0,0,0,0,0,0,0,0,0,0,0,0,3,29,2.0,2.0,2,Wn-13: No action
1025,51,32,1,3,0,1,4,5,1,0,0,0,0,0,0,0,0,0,0,0,0,0,0,0,0,3,32,20.0,24.0,22,Wn-1: Adjust fishing time
1026,51,32,1,3,0,1,4,5,0,0,0,0,0,0,0,0,0,0,0,0,0,1,0,0,0,3,32,20.0,24.0,22,Wn-6: Repair boat
1027,51,32,1,3,0,1,4,5,0,1,0,0,0,0,0,0,0,0,0,0,0,0,0,0,0,3,32,20.0,24.0,22,Wn-10: Be careful
1032,52,10,1,1,0,2,3,0,0,0,0,0,0,0,0,0,0,0,0,0,0,0,1,0,0,2,10,2.0,3.0,"2,5",Wn-7: Be careful
1033,52,10,1,1,0,2,3,0,0,0,0,0,0,0,0,0,0,0,0,0,0,0,0,1,0,2,10,2.0,3.0,"2,5",Wn-8: Stay alert/retrieve fishing gear
1042,52,25,1,2,0,1,2,5,1,0,0,0,0,0,0,0,0,0,0,0,0,0,0,0,0,4,25,16.0,20.0,18,Wn-1: Be careful
1043,52,25,1,2,0,1,2,5,0,0,0,0,0,0,0,0,0,0,0,1,0,0,0,0,0,4,25,16.0,20.0,18,Wn-4: Adjust fishing time
1044,52,25,1,2,0,1,2,5,0,0,0,0,0,0,0,0,0,0,0,0,0,0,1,0,0,4,25,16.0,20.0,18,Wn-7: No action
1045,52,25,1,2,0,1,2,5,0,1,0,0,0,0,0,0,0,0,0,0,0,0,0,0,0,4,25,16.0,20.0,18,Wn-10: Be careful
1047,52,27,1,1,0,1,2,1,0,0,0,0,0,0,0,0,0,1,0,0,0,0,0,0,0,2,7,6.0,7.0,"6,5",Wn-2: No action
1048,52,27,1,1,0,1,2,1,0,0,0,0,0,0,0,0,0,0,0,0,0,0,1,0,0,2,7,6.0,7.0,"6,5",Wn7: Adjust fishing time
1049,52,27,1,1,0,1,2,0,0,0,0,0,0,0,0,0,0,1,0,0,0,0,0,0,0,2,7,3.0,4.0,"3,5",Wn-2: No action
1050,52,27,1,1,0,1,2,0,0,0,0,0,0,0,0,0,0,0,0,0,0,0,1,0,0,2,7,3.0,4.0,"3,5",Wn7: Adjust fishing time
1054,52,28,1,2,0,1,5,0,1,0,0,0,0,0,0,0,0,0,0,0,0,0,0,0,0,3,29,2.0,3.0,"2,5",Wn-1: No action
1055,52,28,1,2,0,1,5,0,0,0,0,0,0,0,0,0,0,0,1,0,0,0,0,0,0,3,29,2.0,3.0,"2,5",Wn-3: Stay alert/retrieve fishing gear
1056,52,28,1,2,0,1,5,0,0,0,0,0,0,0,0,0,0,0,0,0,0,0,0,1,0,3,29,2.0,3.0,"2,5",Wn8: Be careful
1057,52,28,1,2,0,1,5,2,1,0,0,0,0,0,0,0,0,0,0,0,0,0,0,0,0,1,29,1.0,2.0,"1,5",Wn-1: No action
1058,52,28,1,2,0,1,5,2,0,0,0,0,0,0,0,0,0,0,1,0,0,0,0,0,0,1,29,1.0,2.0,"1,5",Wn-3: Stay alert/retrieve fishing gear
1059,52,28,1,2,0,1,5,2,0,0,0,0,0,0,0,0,0,0,0,0,0,0,0,1,0,1,29,1.0,2.0,"1,5",Wn8: Be careful
1063,52,30,1,1,1,2,3,0,0,0,0,0,0,0,0,0,0,1,0,0,0,0,0,0,0,2,30,2.0,3.0,"2,5",Wn-2: Be careful
1064,52,30,1,1,1,2,3,0,0,0,0,0,0,0,0,0,0,0,0,1,0,0,0,0,0,2,30,2.0,3.0,"2,5",Wn-4: No action
1068,53,17,1,1,0,1,3,1,0,0,0,0,0,0,0,0,0,1,0,0,0,0,0,0,0,2,17,3.0,3.0,3,Wn-2: Be careful
1069,53,17,1,1,0,1,3,1,0,0,0,0,0,0,0,0,0,0,0,1,0,0,0,0,0,2,17,3.0,3.0,3,Wn-4: No action
1073,53,26,1,3,0,1,4,4,1,0,0,0,0,0,0,0,0,0,0,0,0,0,0,0,0,3,26,16.0,20.0,18,Wn-1: Adjust fishing time
1074,53,26,1,3,0,1,4,4,0,0,0,0,0,0,0,0,0,0,0,1,0,0,0,0,0,3,26,16.0,20.0,18,Wn-4: Repair boat
1075,53,26,1,3,0,1,4,4,0,0,0,0,0,0,0,0,0,0,0,0,0,0,1,0,0,3,26,16.0,20.0,18,Wn-7: Be careful
1085,53,31,1,3,0,1,2,4,0,0,0,0,0,0,0,0,0,0,1,0,0,0,0,0,0,3,31,16.0,20.0,18,Wn-3: Adjust fishing time
1086,53,31,1,3,0,1,2,4,0,0,0,0,0,0,0,0,0,0,0,0,0,0,0,1,0,3,31,16.0,20.0,18,Wn-8: Repair boat
1087,53,31,1,3,0,1,2,4,0,0,0,1,0,0,0,0,0,0,0,0,0,0,0,0,0,3,31,16.0,20.0,18,Wn-12: Adjust fishing time
1088,54,21,1,1,0,1,5,1,1,0,0,0,0,0,0,0,0,0,0,0,0,0,0,0,0,3,21,3.0,4.0,"3,5",Wn-1: Stay alert/retrieve fishing gear
1089,54,21,1,1,0,1,5,1,0,0,0,0,0,0,0,0,0,1,0,0,0,0,0,0,0,3,21,3.0,4.0,"3,5",Wn-2: Be careful
1090,54,21,1,1,0,1,5,1,0,0,0,0,0,0,0,0,0,0,1,0,0,0,0,0,0,3,21,3.0,4.0,"3,5",Wn-3: Be careful
1100,54,26,1,2,1,2,1,1,1,0,0,0,0,0,0,0,0,0,0,0,0,0,0,0,0,2,26,3.0,4.0,"3,5",Wn-1: Stay alert/retrieve fishing gear
1101,54,26,1,2,1,2,1,1,0,0,0,0,0,0,0,0,0,1,0,0,0,0,0,0,0,2,26,3.0,4.0,"3,5",Wn-2: Be careful
1102,54,26,1,2,0,1,2,2,1,0,0,0,0,0,0,0,0,0,0,0,0,0,0,0,0,3,27,16.0,20.0,18,Wn-1: Adjust fishing time
1103,54,26,1,2,0,1,2,2,0,0,0,0,0,0,0,0,0,0,0,0,1,0,0,0,0,3,27,16.0,20.0,18,Wn-5: Repair boat
1104,54,26,1,2,0,1,2,2,0,0,1,0,0,0,0,0,0,0,0,0,0,0,0,0,0,3,27,16.0,20.0,18,Wn-11: Be careful
1114,55,29,1,3,0,1,2,2,1,0,0,0,0,0,0,0,0,0,0,0,0,0,0,0,0,3,30,16.0,20.0,18,Wn-1: Adjust fishing time
1115,55,29,1,3,0,1,2,2,0,0,0,0,0,0,0,0,0,0,0,0,0,1,0,0,0,3,30,16.0,20.0,18,Wn-6: Repair boat
1116,55,29,1,3,0,1,2,2,0,1,0,0,0,0,0,0,0,0,0,0,0,0,0,0,0,3,30,16.0,20.0,18,Wn-10: Be careful
1124,55,35,1,2,1,2,4,2,1,0,0,0,0,0,0,0,0,0,0,0,0,0,0,0,0,4,35,4.0,5.0,"4,5",Wn-1: Stay alert/retrieve fishing gear
1125,55,35,1,2,1,2,4,2,0,0,0,0,0,0,0,0,0,1,0,0,0,0,0,0,0,4,35,4.0,5.0,"4,5",Wn-2: Be careful
1126,55,35,1,2,1,2,4,2,0,0,0,0,0,0,0,0,0,0,0,1,0,0,0,0,0,4,35,4.0,5.0,"4,5",Wn-4: No action
1127,55,35,1,2,1,2,4,2,0,0,0,0,0,0,0,0,0,0,0,0,0,0,1,0,0,4,35,4.0,5.0,"4,5",Wn-7: Adjust fishing time
1140,56,27,1,1,0,1,3,7,0,0,0,0,0,0,0,0,0,0,1,0,0,0,0,0,0,3,27,16.0,20.0,18,Wn-3: Adjust fishing time
1141,56,27,1,1,0,1,3,7,0,0,0,0,0,0,0,0,0,0,0,0,0,0,0,1,0,3,27,16.0,20.0,18,Wn-8: Repair boat
1142,56,27,1,1,0,1,3,7,0,0,0,0,0,0,0,0,0,0,0,0,0,0,0,0,1,3,27,16.0,20.0,18,Wn-9: Be careful
1161,58,30,1,3,0,1,5,0,1,0,0,0,0,0,0,0,0,0,0,0,0,0,0,0,0,3,30,2.0,3.0,"2,5",Wn-1: No action
1162,58,30,1,3,0,1,5,0,0,0,0,0,0,0,0,0,0,0,1,0,0,0,0,0,0,3,30,2.0,3.0,"2,5",Wn-3: Stay alert/retrieve fishing gear
1163,58,30,1,3,0,1,5,0,0,0,0,0,0,0,0,0,0,0,0,0,0,0,0,1,0,3,30,2.0,3.0,"2,5",Wn8: Be careful
1164,58,30,1,3,0,1,5,2,1,0,0,0,0,0,0,0,0,0,0,0,0,0,0,0,0,1,30,1.0,2.0,"1,5",Wn-1: No action
1165,58,30,1,3,0,1,5,2,0,0,0,0,0,0,0,0,0,0,1,0,0,0,0,0,0,1,30,1.0,2.0,"1,5",Wn-3: Stay alert/retrieve fishing gear
1166,58,30,1,3,0,1,5,2,0,0,0,0,0,0,0,0,0,0,0,0,0,0,0,1,0,1,30,1.0,2.0,"1,5",Wn8: Be careful
1170,58,32,1,3,0,1,3,0,1,0,0,0,0,0,0,0,0,0,0,0,0,0,0,0,0,2,33,3.0,4.0,"3,5",Wn-1: Stay alert/retrieve fishing gear
1171,58,32,1,3,0,1,3,0,0,0,0,0,0,0,0,0,0,1,0,0,0,0,0,0,0,2,33,3.0,4.0,"3,5",Wn-2: Be careful
1185,59,38,1,3,1,1,2,3,1,0,0,0,0,0,0,0,0,0,0,0,0,0,0,0,0,4,38,3.0,4.0,"3,5",Wn-1: Stay alert/retrieve fishing gear
1186,59,38,1,3,1,1,2,3,0,0,0,0,0,0,0,0,0,1,0,0,0,0,0,0,0,4,38,3.0,4.0,"3,5",Wn-2: Be careful
1187,59,38,1,3,1,1,2,3,0,0,0,0,0,0,0,0,0,0,0,1,0,0,0,0,0,4,38,3.0,4.0,"3,5",Wn-4: No action
1188,59,38,1,3,1,1,2,3,0,0,0,0,0,0,0,0,0,0,0,0,0,0,1,0,0,4,38,3.0,4.0,"3,5",Wn-7: Adjust fishing time
1198,60,35,1,3,1,2,4,0,0,0,0,0,0,0,0,0,0,0,1,0,0,0,0,0,0,3,35,3.0,3.0,3,Wn-3: Be careful
1199,60,35,1,3,1,2,4,0,0,0,0,0,0,0,0,0,0,0,0,0,0,0,1,0,0,3,35,3.0,3.0,3,Wn-7: No action
1200,60,35,1,3,1,2,4,0,0,0,0,0,0,0,0,0,0,0,0,0,0,0,0,1,0,3,35,3.0,3.0,3,Wn-8: Stay alert/retrieve fishing gear
1204,60,35,1,3,0,1,3,1,0,0,0,0,0,0,0,0,0,0,0,0,0,0,0,0,1,2,36,2.0,3.0,"2,5",Wn-9: No action
1205,60,35,1,3,0,1,3,1,0,0,0,0,1,0,0,0,0,0,0,0,0,0,0,0,0,2,36,2.0,3.0,"2,5",Wn-13: No action
1210,62,43,1,3,0,1,5,3,0,0,1,0,0,0,0,0,0,0,0,0,0,0,0,0,0,1,43,16.0,20.0,18,Wn-11: Be careful
1216,45,20,1,2,0,3,3,4,0,0,0,0,0,0,0,0,0,1,0,0,0,0,0,0,0,2,20,4.0,4.0,4,Wn-2: Stay alert/retrieve fishing gear
1217,45,20,1,2,0,3,3,4,0,0,0,0,0,0,0,0,0,0,0,0,0,0,1,0,0,2,20,4.0,4.0,4,Wn-7: Be careful
1220,45,23,1,2,0,3,3,6,0,0,0,0,0,0,0,0,0,1,0,0,0,0,0,0,0,2,20,3.0,3.0,3,Wn-2: Stay alert/retrieve fishing gear
1221,45,23,1,2,0,3,3,6,0,0,0,0,0,0,0,0,0,0,0,0,1,0,0,0,0,2,20,3.0,3.0,3,Wn-5: Be careful
1224,46,15,1,1,0,3,3,4,0,0,0,0,0,0,0,0,0,1,0,0,0,0,0,0,0,3,12,3.0,3.0,3,Wn-2: Be careful
1225,46,15,1,1,0,3,3,4,0,0,0,0,0,0,0,0,0,0,0,0,0,0,0,1,0,3,12,3.0,3.0,3,Wn-8: Be careful
1226,46,15,1,1,0,3,3,4,0,0,0,1,0,0,0,0,0,0,0,0,0,0,0,0,0,3,12,3.0,3.0,3,Wn-12: Be careful
1230,46,20,1,1,0,3,3,4,0,0,0,0,0,0,0,0,0,0,0,1,0,0,0,0,0,1,20,4.0,4.0,4,Wn-4: Stay alert/retrieve fishing gear
1231,46,20,1,1,0,3,3,3,0,0,0,0,0,0,0,0,0,0,0,0,1,0,0,0,0,1,15,1.0,1.0,1,Wn-5: Be careful
1234,46,20,1,3,0,3,2,2,0,0,0,0,0,0,0,0,0,1,0,0,0,0,0,0,0,2,20,3.0,3.0,3,Wn-2: siaga ditempat
1235,46,20,1,3,0,3,2,2,0,0,0,0,0,0,0,0,0,0,0,0,1,0,0,0,0,2,20,3.0,3.0,3,Wn-5: Be careful
1237,46,20,1,1,0,3,2,5,0,0,0,0,0,0,0,0,0,1,0,0,0,0,0,0,0,2,20,3.0,3.0,3,Wn-2: Stay alert/retrieve fishing gear
1238,46,20,1,1,0,3,2,5,0,0,0,0,1,0,0,0,0,0,0,0,0,0,0,0,0,2,20,3.0,3.0,3,Wn-13: Stay alert/retrieve fishing gear
1243,46,21,1,2,0,3,3,5,0,0,0,0,0,0,0,0,0,1,0,0,0,0,0,0,0,1,21,3.0,3.0,3,Wn-2: Stay alert/retrieve fishing gear
1244,46,21,1,2,0,3,3,5,0,0,0,0,0,0,0,0,0,0,0,0,0,0,0,1,0,1,20,4.0,4.0,4,Wn-8: Be careful
1247,46,21,1,1,0,3,2,3,1,0,0,0,0,0,0,0,0,0,0,0,0,0,0,0,0,2,21,3.0,3.0,3,Wn-1: Adjust fishing time
1248,46,21,1,1,0,3,2,3,0,0,0,0,1,0,0,0,0,0,0,0,0,0,0,0,0,2,21,3.0,3.0,3,Wn-13: Be careful
1250,47,20,1,1,0,3,3,6,0,0,0,0,0,0,0,0,0,0,1,0,0,0,0,0,0,1,18,3.0,3.0,3,Wn-3: Be careful
1251,47,20,1,1,0,3,3,6,0,0,0,0,0,0,0,0,0,0,0,0,1,0,0,0,0,1,16,2.0,2.0,2,Wn-5: Be careful
1252,47,20,1,1,0,3,3,6,0,0,1,0,0,0,0,0,0,0,0,0,0,0,0,0,0,1,15,4.0,4.0,4,Wn-11: Be careful
1256,47,20,1,1,0,3,3,5,0,0,0,0,0,0,0,0,0,1,0,0,0,0,0,0,0,1,20,3.0,3.0,3,Wn-2: Stay alert/retrieve fishing gear
1257,47,20,1,1,0,3,3,6,0,0,0,0,1,0,0,0,0,0,0,0,0,0,0,0,0,1,20,3.0,3.0,3,Wn-13: Be careful
1260,47,20,1,2,0,3,3,7,0,0,0,0,0,0,0,0,0,0,1,0,0,0,0,0,0,2,20,5.0,5.0,5,Wn-3: Adjust fishing time
1261,47,20,1,2,0,3,3,7,0,0,0,0,0,0,0,0,0,0,0,0,0,0,0,0,1,2,20,5.0,5.0,5,Wn-9: Be careful
1264,47,21,1,1,1,3,2,3,0,0,0,0,0,0,0,0,0,0,0,0,1,0,0,0,0,1,15,1.0,1.0,1,Wn-5: Be careful
1265,47,21,1,1,1,3,2,4,0,0,0,0,0,0,0,0,0,0,0,0,0,0,0,0,1,1,21,4.0,4.0,4,Wn-9: Adjust fishing time
1267,47,22,1,2,0,3,2,5,0,0,0,0,0,0,0,0,0,1,0,0,0,0,0,0,0,2,20,5.0,5.0,5,Wn-2: siaga ditempat
1268,47,22,1,2,0,3,2,5,0,0,0,0,1,0,0,0,0,0,0,0,0,0,0,0,0,2,20,5.0,5.0,5,Wn-13: Adjust fishing time
1270,47,22,1,2,0,3,3,2,0,0,0,0,0,0,0,0,0,1,0,0,0,0,0,0,0,2,20,3.0,3.0,3,Wn-2: Stay alert/retrieve fishing gear
1271,47,22,1,2,0,3,3,2,0,0,0,0,0,0,0,0,0,0,0,0,0,0,1,0,0,2,20,3.0,3.0,3,Wn-7: Be careful
1274,47,25,1,1,0,3,2,6,1,0,0,0,0,0,0,0,0,0,0,0,0,0,0,0,0,2,21,2.0,2.0,2,Wn-1: Adjust fishing time
1275,47,25,1,1,0,3,2,6,0,0,0,0,0,0,0,0,0,0,0,0,0,1,0,0,0,2,21,2.0,2.0,2,Wn-6: Be careful
1277,48,13,1,1,0,3,2,5,1,0,0,0,0,0,0,0,0,0,0,0,0,0,0,0,0,2,18,3.0,3.0,3,Wn-1: Adjust fishing time
1278,48,13,1,1,0,3,2,5,0,0,0,0,0,0,0,0,0,0,1,0,0,0,0,0,0,2,18,3.0,3.0,3,Wn-3: Be careful
1280,48,16,1,1,0,3,3,5,1,0,0,0,0,0,0,0,0,0,0,0,0,0,0,0,0,3,12,3.0,3.0,3,Wn-1: No action
1281,48,16,1,1,0,3,3,5,0,0,0,0,0,0,0,0,0,0,0,1,0,0,0,0,0,3,12,3.0,3.0,3,Wn-4: No action
1282,48,16,1,1,0,3,3,5,0,0,0,0,0,0,0,0,0,0,0,0,0,0,0,1,0,3,12,3.0,3.0,3,Wn-8: No action
1286,48,18,1,1,0,3,3,7,0,0,0,0,0,0,0,0,0,1,0,0,0,0,0,0,0,3,15,2.0,2.0,2,Wn-2: Be careful
1287,48,18,1,1,0,3,3,7,0,0,0,0,0,0,0,0,0,0,0,0,0,0,1,0,0,3,15,2.0,2.0,2,Wn-7: Be careful
1288,48,18,1,1,0,3,3,7,0,1,0,0,0,0,0,0,0,0,0,0,0,0,0,0,0,3,15,2.0,2.0,2,Wn-10: Be careful
1289,48,18,1,1,0,3,3,5,0,0,0,0,0,0,0,0,1,0,0,0,0,0,0,0,0,1,15,1.0,1.0,1,Wn- 17: Be careful
1294,48,21,1,3,1,3,3,7,0,0,0,0,0,0,0,0,0,0,0,0,0,0,1,0,0,2,21,3.0,3.0,3,Wn-7: Be careful
1295,48,21,1,3,1,3,3,7,0,0,0,0,1,0,0,0,0,0,0,0,0,0,0,0,0,2,21,3.0,3.0,3,Wn13: Adjust fishing time
1296,48,21,1,3,1,3,3,5,0,0,0,0,0,0,0,0,0,0,0,0,0,0,1,0,0,1,21,5.0,5.0,5,Wn-7: Be careful
1297,48,21,1,3,1,3,3,5,0,0,0,0,1,0,0,0,0,0,0,0,0,0,0,0,0,1,21,5.0,5.0,5,Wn13: Adjust fishing time
1300,48,22,1,2,0,3,3,3,0,0,0,0,0,0,0,0,0,0,0,0,0,0,1,0,0,1,20,2.0,2.0,2,Wn-7: Stay alert/retrieve fishing gear
1301,48,22,1,2,0,3,3,2,0,0,0,0,0,0,0,0,0,0,0,0,0,0,0,0,1,1,18,4.0,4.0,4,Wn-9: Adjust fishing time
1306,48,22,1,2,0,3,3,5,0,0,0,0,0,0,0,0,0,1,0,0,0,0,0,0,0,1,22,3.0,3.0,3,Wn-2: Stay alert/retrieve fishing gear
1307,48,22,1,2,0,3,3,3,0,0,0,0,0,0,0,0,0,0,0,0,0,0,1,0,0,1,20,2.0,2.0,2,Wn-7: Be careful
1310,48,22,1,2,0,3,3,3,0,0,0,0,0,0,0,0,0,1,0,0,0,0,0,0,0,2,22,3.0,3.0,3,Wn-2: Stay alert/retrieve fishing gear
1311,48,22,1,2,0,3,3,3,0,0,0,0,0,0,0,0,0,0,0,0,0,0,0,0,1,2,22,3.0,3.0,3,Wn-9: Adjust fishing time
1314,48,23,1,1,0,3,3,4,0,0,0,0,0,0,0,0,0,1,0,0,0,0,0,0,0,2,23,3.0,3.0,3,Wn-2: Stay alert/retrieve fishing gear
1315,48,23,1,1,0,3,3,4,0,0,0,0,1,0,0,0,0,0,0,0,0,0,0,0,0,2,23,3.0,3.0,3,Wn-13: Be careful
1318,49,16,1,1,0,3,2,4,0,0,0,0,0,0,0,0,0,0,0,0,0,0,0,0,1,2,12,2.0,2.0,2,Wn-9: Be careful
1319,49,16,1,1,0,3,2,4,0,0,1,0,0,0,0,0,0,0,0,0,0,0,0,0,0,2,12,2.0,2.0,2,Wn-11: Be careful
1320,49,16,1,1,0,3,2,4,0,0,0,0,1,0,0,0,0,0,0,0,0,0,0,0,0,1,13,2.0,2.0,2,Wn-13: Be careful
1323,49,22,1,3,1,3,3,4,0,0,0,0,0,0,0,0,0,0,0,0,1,0,0,0,0,2,20,2.0,2.0,2,Wn-5: Be careful
1324,49,22,1,3,1,3,3,4,0,0,0,0,0,0,0,0,0,0,0,0,0,0,1,0,0,2,20,2.0,2.0,2,Wn-7: Adjust fishing time
1328,49,23,1,1,0,3,4,4,0,0,0,0,0,0,0,0,0,1,0,0,0,0,0,0,0,1,23,3.0,3.0,3,Wn-2: Stay alert/retrieve fishing gear
1329,49,23,1,1,0,3,4,5,0,0,0,0,0,0,0,0,0,0,0,0,0,0,1,0,0,1,20,2.0,2.0,2,Wn-7: Adjust fishing time
1330,49,23,1,1,0,3,4,3,0,0,0,0,0,0,0,0,0,0,0,0,0,0,0,0,1,1,22,4.0,4.0,4,Wn-9: Be careful
1334,49,24,1,3,1,3,3,4,0,0,0,0,0,0,0,0,0,1,0,0,0,0,0,0,0,1,24,3.0,3.0,3,Wn-2: Be careful
1335,49,24,1,3,1,3,3,5,0,0,0,0,0,0,0,0,0,0,0,0,0,0,1,0,0,1,20,2.0,2.0,2,Wn-7: Be careful
1338,49,24,1,1,0,3,3,2,0,0,0,0,0,0,0,0,0,0,0,1,0,0,0,0,0,2,20,3.0,3.0,3,Wn-4: Stay alert/retrieve fishing gear
1339,49,24,1,1,0,3,3,2,0,0,0,0,0,0,0,0,0,0,0,0,0,1,0,0,0,2,20,3.0,3.0,3,Wn-6: Be careful
1342,49,24,1,3,1,3,3,2,0,0,0,0,0,0,0,0,0,0,0,0,0,1,0,0,0,2,20,2.0,2.0,2,Wn-6: Adjust fishing time
1343,49,24,1,3,1,3,3,2,0,0,0,0,0,0,0,0,0,0,0,0,0,0,0,0,1,2,20,2.0,2.0,2,Wn-9: Adjust fishing time
1349,50,25,1,1,1,3,3,3,0,0,0,0,0,0,0,0,0,0,0,1,0,0,0,0,0,1,25,3.0,3.0,3,Wn-4: Stay alert/retrieve fishing gear
1350,50,25,1,1,1,3,3,6,0,0,0,0,0,0,0,0,0,0,0,0,0,1,0,0,0,1,20,2.0,2.0,2,Wn-6: Be careful
1352,50,25,1,3,0,3,4,3,0,0,0,0,0,0,0,0,0,1,0,0,0,0,0,0,0,1,20,3.0,3.0,3,Wn-2: Stay alert/retrieve fishing gear
1353,50,25,1,3,0,3,4,4,0,0,0,0,0,0,0,0,0,0,0,0,0,0,0,1,0,1,20,4.0,4.0,4,Wn-8: Be careful
1358,50,25,1,3,1,3,3,5,0,0,0,0,0,0,0,0,0,0,0,0,0,0,0,0,1,2,25,4.0,4.0,4,Wn-9: Adjust fishing time
1359,50,25,1,3,1,3,3,5,0,0,0,0,1,0,0,0,0,0,0,0,0,0,0,0,0,2,25,4.0,4.0,4,Wn-13: Be careful
1362,50,25,1,1,0,3,3,3,0,0,0,0,0,0,0,0,0,0,0,1,0,0,0,0,0,2,25,3.0,3.0,3,Wn-4: Stay alert/retrieve fishing gear
1363,50,25,1,1,0,3,3,3,0,0,0,0,0,0,0,0,0,0,0,0,0,1,0,0,0,2,25,3.0,3.0,3,Wn-6: Be careful
1365,50,25,1,2,1,3,3,3,0,0,0,0,0,0,0,0,0,1,0,0,0,0,0,0,0,2,25,3.0,3.0,3,Wn-2: Stay alert/retrieve fishing gear
1366,50,25,1,2,1,3,3,3,0,0,0,0,0,0,0,0,0,0,0,0,0,0,1,0,0,2,25,3.0,3.0,3,Wn-7: Be careful
1369,50,26,1,2,0,3,3,5,0,0,0,0,0,0,0,0,0,0,1,0,0,0,0,0,0,1,15,4.0,4.0,4,Wn-3: No action
1370,50,26,1,2,0,3,3,5,0,0,0,0,0,0,0,0,0,0,0,0,0,1,0,0,0,1,15,3.0,3.0,3,Wn-6: No action
1371,50,26,1,2,0,3,3,5,0,0,0,0,0,0,0,0,0,0,0,0,0,0,0,0,1,1,15,4.0,4.0,4,Wn-9: No action
1372,50,26,1,2,0,3,3,5,0,0,0,0,1,0,0,0,0,0,0,0,0,0,0,0,0,1,15,4.0,4.0,4,Wn-13: No action
1376,51,25,1,2,0,3,3,5,0,0,0,0,0,0,0,0,0,0,0,0,0,0,0,1,0,1,25,4.0,4.0,4,Wn-8: Be careful
1377,51,25,1,2,0,3,3,4,0,0,1,0,0,0,0,0,0,0,0,0,0,0,0,0,0,1,24,3.0,3.0,3,Wn-11: Adjust fishing time
1380,51,25,1,3,1,3,3,3,0,0,0,0,0,0,0,0,0,0,0,1,0,0,0,0,0,1,25,3.0,3.0,3,Wn-4: Stay alert/retrieve fishing gear
1381,51,25,1,3,1,3,3,4,0,0,0,0,0,0,0,0,0,0,0,0,0,0,1,0,0,1,25,2.0,2.0,2,Wn-7: Be careful
1382,51,25,1,3,1,3,3,5,0,0,0,0,0,0,0,0,0,0,0,0,0,0,0,0,1,1,25,4.0,4.0,4,Wn-9: Adjust fishing time
1387,51,25,1,2,1,3,3,4,0,0,0,0,0,0,0,0,0,0,0,1,0,0,0,0,0,2,25,4.0,4.0,4,Wn-4: Stay alert/retrieve fishing gear
1388,51,25,1,2,1,3,3,4,0,0,0,0,0,0,0,0,0,0,0,0,0,0,0,0,1,2,25,4.0,4.0,4,Wn-9: Adjust fishing time
1391,51,25,1,2,1,3,3,8,0,0,0,0,0,0,0,0,0,0,0,0,0,1,0,0,0,2,20,4.0,4.0,4,Wn-6: Be careful
1392,51,25,1,2,1,3,3,8,0,0,0,0,0,0,0,0,0,0,0,0,0,0,0,0,1,2,20,4.0,4.0,4,Wn-9: Adjust fishing time
1395,51,25,1,3,1,3,3,3,0,0,0,0,0,0,0,0,0,0,0,1,0,0,0,0,0,2,25,4.0,4.0,4,Wn-4: Stay alert/retrieve fishing gear
1396,51,25,1,3,1,3,3,3,0,0,0,0,0,0,0,0,0,0,0,0,0,0,0,1,0,2,25,4.0,4.0,4,Wn-8: Be careful
1399,51,25,1,1,0,3,3,3,0,0,0,0,0,0,0,0,0,0,0,1,0,0,0,0,0,2,25,3.0,3.0,3,Wn-4: Stay alert/retrieve fishing gear
1400,51,25,1,1,0,3,3,3,0,0,0,0,1,0,0,0,0,0,0,0,0,0,0,0,0,2,25,3.0,3.0,3,Wn-13: Be careful
1409,52,25,1,3,1,3,3,3,0,0,0,0,0,0,0,0,0,1,0,0,0,0,0,0,0,1,21,3.0,3.0,3,Wn-2: Stay alert/retrieve fishing gear
1410,52,25,1,3,1,3,3,2,0,0,0,0,0,0,0,0,0,0,1,0,0,0,0,0,0,1,20,2.0,2.0,2,Wn-3: Adjust fishing time
1411,52,25,1,3,1,3,3,4,0,0,0,0,0,0,0,0,0,0,0,0,0,0,0,1,0,1,18,4.0,4.0,4,Wn-8: Be careful
1416,52,25,1,3,1,3,3,5,0,0,0,0,0,0,0,0,0,0,0,0,0,0,0,1,0,1,25,4.0,4.0,4,Wn-8: Be careful
1417,52,25,1,3,1,3,3,4,0,0,0,0,0,0,0,0,0,0,0,0,0,0,0,0,1,1,25,4.0,4.0,4,Wn-9: Adjust fishing time
1420,52,25,1,1,0,3,3,6,0,0,0,0,0,0,0,0,0,0,0,1,0,0,0,0,0,2,23,3.0,3.0,3,Wn-4: Stay alert/retrieve fishing gear
1421,52,25,1,1,0,3,3,6,0,0,0,1,0,0,0,0,0,0,0,0,0,0,0,0,0,2,23,3.0,3.0,3,Wn-12: Be careful
1424,52,25,1,1,0,3,3,7,0,0,0,0,0,0,0,0,0,1,0,0,0,0,0,0,0,2,25,3.0,3.0,3,Wn-2: Stay alert/retrieve fishing gear
1425,52,25,1,1,0,3,3,7,0,0,0,0,0,0,0,0,0,0,0,0,0,1,0,0,0,2,25,3.0,3.0,3,Wn-6: Be careful
1428,52,25,1,3,1,3,3,2,0,0,0,0,0,0,0,0,0,0,0,0,0,0,1,0,0,2,25,2.0,2.0,2,Wn-7: Adjust fishing time
1429,52,25,1,3,1,3,3,2,0,0,0,0,1,0,0,0,0,0,0,0,0,0,0,0,0,2,25,2.0,2.0,2,Wn-13: Be careful
1433,53,25,1,1,0,3,2,5,0,0,0,0,0,0,0,0,0,0,0,1,0,0,0,0,0,1,25,3.0,3.0,3,Wn-4: Stay alert/retrieve fishing gear
1434,53,25,1,1,0,3,2,4,0,0,0,1,0,0,0,0,0,0,0,0,0,0,0,0,0,1,20,3.0,3.0,3,Wn-12: Adjust fishing time
1437,53,25,1,2,1,3,3,5,0,0,0,0,0,0,0,0,0,0,0,1,0,0,0,0,0,1,25,3.0,3.0,3,Wn-4: Stay alert/retrieve fishing gear
1438,53,25,1,2,1,3,3,3,0,0,0,1,0,0,0,0,0,0,0,0,0,0,0,0,0,1,20,3.0,3.0,3,Wn-12: Adjust fishing time
1440,53,25,1,2,1,3,3,2,0,0,0,0,0,0,0,0,0,0,0,0,0,0,1,0,0,2,25,3.0,3.0,3,Wn-7: Be careful
1441,53,25,1,2,1,3,3,2,0,0,0,0,0,0,0,0,0,0,0,0,0,0,0,1,0,2,25,3.0,3.0,3,Wn-8: Adjust fishing time
1447,53,25,1,2,1,3,3,8,0,0,0,0,0,0,0,0,0,0,0,1,0,0,0,0,0,2,25,4.0,4.0,4,Wn-4: Stay alert/retrieve fishing gear
1448,53,25,1,2,1,3,3,8,0,0,0,0,0,0,0,0,0,0,0,0,0,0,0,1,0,2,25,4.0,4.0,4,Wn-8: Be careful
1451,53,25,1,3,1,3,3,4,0,0,0,0,0,0,0,0,0,0,0,0,0,0,1,0,0,2,25,4.0,4.0,4,Wn-7: Adjust fishing time
1452,53,25,1,3,1,3,3,4,0,0,0,0,0,0,0,0,0,0,0,0,0,0,0,1,0,2,25,4.0,4.0,4,Wn-8: Be careful
1456,53,25,1,2,1,3,4,2,0,0,0,0,0,0,0,0,0,0,0,1,0,0,0,0,0,2,25,3.0,3.0,3,Wn-4: Stay alert/retrieve fishing gear
1457,53,25,1,2,1,3,4,2,0,0,0,0,0,0,0,0,0,0,0,0,0,0,0,1,0,2,25,3.0,3.0,3,Wn-8: Be careful
1462,54,25,1,2,0,3,3,2,0,0,0,0,0,0,0,0,0,0,0,0,1,0,0,0,0,1,20,2.0,2.0,2,Wn-5: Be careful
1463,54,25,1,2,0,3,3,2,0,0,0,0,0,0,0,0,0,0,0,0,0,1,0,0,0,1,24,3.0,3.0,3,Wn-6: Adjust fishing time
1465,54,25,1,2,1,3,3,3,0,0,0,0,0,0,0,0,0,0,0,0,1,0,0,0,0,1,20,1.0,1.0,1,Wn-5: Be careful
1466,54,25,1,2,1,3,3,5,0,0,0,0,1,0,0,0,0,0,0,0,0,0,0,0,0,1,25,3.0,3.0,3,Wn-13: Adjust fishing time
1471,54,25,1,3,1,3,4,3,0,0,0,0,0,0,0,0,0,0,0,0,0,1,0,0,0,2,25,4.0,4.0,4,Wn-6: Adjust fishing time
1472,54,25,1,3,1,3,4,3,0,0,0,0,0,0,0,0,0,0,0,0,0,0,0,1,0,2,25,4.0,4.0,4,Wn-8: Be careful
1477,54,25,1,3,1,3,4,7,0,0,0,0,0,0,0,0,0,0,0,1,0,0,0,0,0,2,25,3.0,3.0,3,Wn-4: Stay alert/retrieve fishing gear
1478,54,25,1,3,1,3,4,7,0,0,0,0,0,0,0,0,0,0,0,0,0,0,0,1,0,2,25,3.0,3.0,3,Wn-8: Be careful
1482,54,25,1,3,1,3,4,3,0,0,0,0,0,0,0,0,0,0,0,0,1,0,0,0,0,2,25,1.0,1.0,1,Wn-5: Be careful
1483,54,25,1,3,1,3,4,3,0,0,0,0,0,0,0,0,0,0,0,0,0,0,0,1,0,2,25,1.0,1.0,1,Wn-8: Adjust fishing time
1488,55,25,1,1,0,3,3,4,0,0,0,0,0,0,0,0,0,0,0,1,0,0,0,0,0,1,23,4.0,4.0,4,Wn-4: Stay alert/retrieve fishing gear
1489,55,25,1,1,0,3,3,2,0,0,0,0,0,0,0,0,0,0,0,0,0,1,0,0,0,1,18,2.0,2.0,2,Wn-6: Be careful
1490,55,25,1,1,0,3,3,3,0,0,0,1,0,0,0,0,0,0,0,0,0,0,0,0,0,1,22,3.0,3.0,3,Wn-12: Adjust fishing time
1494,55,25,1,3,1,3,3,5,0,0,0,0,0,0,0,0,0,0,0,0,0,1,0,0,0,1,24,2.0,2.0,2,Wn-6: Be careful
1495,55,25,1,3,1,3,3,4,0,0,0,0,0,0,0,0,0,0,0,0,0,0,0,1,0,1,23,4.0,4.0,4,Wn-8: Adjust fishing time
1499,55,25,1,2,1,3,4,7,0,0,0,0,0,0,0,0,0,0,0,1,0,0,0,0,0,3,20,3.0,3.0,3,Wn-4: No action
1500,55,25,1,2,1,3,4,7,0,0,0,0,0,0,0,0,0,0,0,0,0,0,0,1,0,3,20,3.0,3.0,3,Wn-8: No action
1506,55,25,1,3,1,3,3,2,0,0,0,0,0,0,0,0,0,0,0,0,0,1,0,0,0,1,24,2.0,2.0,2,Wn-6: Be careful
1507,55,25,1,3,1,3,3,4,0,0,0,0,0,0,0,0,0,0,0,0,0,0,0,1,0,1,24,4.0,4.0,4,Wn-8: Be careful
1516,55,25,1,3,1,3,4,5,0,0,0,0,0,0,0,0,0,0,0,0,1,0,0,0,0,2,23,3.0,3.0,3,Wn-5: Be careful
1517,55,25,1,3,1,3,4,5,0,0,0,0,0,0,0,0,0,0,0,0,0,0,0,1,0,2,23,3.0,3.0,3,Wn-8: Adjust fishing time
1523,55,25,1,2,1,3,4,7,0,0,0,0,0,0,0,0,0,0,0,1,0,0,0,0,0,2,25,4.0,4.0,4,Wn-4: Stay alert/retrieve fishing gear
1524,55,25,1,2,1,3,4,7,0,0,0,0,0,0,0,0,0,0,0,0,0,0,0,1,0,2,25,4.0,4.0,4,Wn-8: Be careful
1529,55,25,1,3,1,3,4,3,0,0,0,0,0,0,0,0,0,0,0,1,0,0,0,0,0,2,25,3.0,3.0,3,Wn-4: Stay alert/retrieve fishing gear
1530,55,25,1,3,1,3,4,3,0,0,0,0,0,0,0,0,0,0,0,0,0,0,0,0,1,2,25,3.0,3.0,3,Wn-9: Adjust fishing time
1535,55,25,1,2,1,3,4,3,0,0,0,0,0,0,0,0,0,0,0,1,0,0,0,0,0,2,25,3.0,3.0,3,Wn-4: Stay alert/retrieve fishing gear
1536,55,25,1,2,1,3,4,3,0,0,0,0,0,0,0,0,0,0,0,0,0,0,0,1,0,2,25,3.0,3.0,3,Wn-8: Be careful
1545,60,35,1,2,0,1,2,0,0,0,0,0,0,0,0,0,0,1,0,0,0,0,0,0,0,3,36,4.0,5.0,"4,5",Wn-2: Be careful
1546,60,35,1,2,0,1,2,0,0,0,0,0,0,0,0,0,0,0,1,0,0,0,0,0,0,3,36,4.0,5.0,"4,5",Wn-3: Repair boat
1547,60,35,1,2,0,1,2,0,0,0,0,0,0,0,0,0,0,0,0,1,0,0,0,0,0,3,36,4.0,5.0,"4,5",Wn-4: No action
1549,19,2,2,1,0,1,1,1,0,0,0,0,0,0,0,0,0,0,0,0,0,0,1,0,0,1,1,2.0,2.0,2,Wn-7: Stop fishing activities
1550,20,2,2,1,0,1,1,1,0,0,0,0,0,0,0,0,0,0,0,1,0,0,0,0,0,1,1,1.0,1.0,1,Wn-4: Be careful
1551,22,8,2,2,0,1,1,5,0,0,0,0,0,0,0,0,0,0,0,1,0,0,0,0,0,1,7,1.0,1.0,1,Wn-4: Be careful
1554,24,5,2,2,0,1,1,3,0,0,0,0,0,0,0,0,0,1,0,0,0,0,0,0,0,2,4,1.0,1.0,1,Wn-2: Stop fishing activities
1555,24,5,2,2,0,1,1,3,0,0,0,0,0,0,0,0,0,0,0,1,0,0,0,0,0,2,4,1.0,1.0,1,Wn-4: Stop fishing activities
1556,24,7,2,1,0,1,1,2,0,0,0,0,0,0,0,0,0,0,0,1,0,0,0,0,0,2,7,4.0,4.0,4,Wn-4: Stop fishing activities
1557,24,7,2,1,0,1,1,2,0,0,0,0,0,0,0,0,0,0,0,0,0,0,0,1,0,2,7,4.0,4.0,4,Wn-8: Stop fishing activities
1560,25,5,2,2,0,1,1,3,0,0,0,0,0,0,0,0,0,0,0,1,0,0,0,0,0,3,3,5.0,5.0,5,Wn-4: Be careful
1561,25,5,2,2,0,1,1,3,0,0,0,0,0,0,0,0,0,0,0,0,0,0,1,0,0,3,3,5.0,5.0,5,Wn-7: Be careful
1562,25,5,2,2,0,1,1,3,0,0,0,0,0,0,0,0,0,0,0,0,0,0,0,1,0,3,3,5.0,5.0,5,Wn-8: Be careful
1564,27,5,2,2,0,1,1,2,0,0,0,0,0,0,0,0,0,0,0,1,0,0,0,0,0,1,5,1.0,1.0,1,Wn-4: Be careful
1566,28,5,2,3,0,1,1,2,0,0,0,0,0,0,0,0,0,1,0,0,0,0,0,0,0,2,5,1.0,1.0,1,Wn-2: Be careful
1567,28,5,2,3,0,1,1,2,0,0,0,0,0,0,0,0,0,0,0,1,0,0,0,0,0,2,5,1.0,1.0,1,Wn-4: Be careful
1568,28,12,2,1,0,1,1,5,0,0,0,0,0,0,0,0,0,0,0,1,0,0,0,0,0,2,10,2.0,2.0,2,Wn-4: Be careful
1569,28,12,2,1,0,1,1,5,0,0,0,0,0,0,0,0,0,0,0,0,0,0,1,0,0,2,10,2.0,2.0,2,Wn-7: Be careful
1570,28,14,2,1,0,1,3,5,1,0,0,0,0,0,0,0,0,0,0,0,0,0,0,0,0,1,15,1.0,1.0,1,Wn-1: Be careful
1571,28,14,2,1,0,1,3,5,0,0,0,0,0,0,0,0,0,0,0,1,0,0,0,0,0,1,15,1.0,1.0,1,Wn-4: Adjust fishing time
1572,28,14,2,1,0,1,3,10,0,0,0,0,0,0,0,0,0,1,0,0,0,0,0,0,0,1,15,1.0,1.0,1,Wn-2: Adjust fishing equipment
1574,29,6,2,1,0,1,1,1,0,0,0,0,0,0,0,0,0,0,0,1,0,0,0,0,0,2,4,4.0,4.0,4,Wn-4: Be careful
1575,29,6,2,1,0,1,1,1,0,0,0,0,0,0,0,0,0,0,0,0,0,0,1,0,0,2,4,4.0,4.0,4,Wn-7: Be careful
1577,32,7,2,2,0,1,3,2,1,0,0,0,0,0,0,0,0,0,0,0,0,0,0,0,0,3,7,2.0,3.0,"2,5",Wn-1: Be careful
1578,32,7,2,2,0,1,3,2,0,0,0,0,0,0,0,0,0,1,0,0,0,0,0,0,0,3,7,2.0,3.0,"2,5",Wn-2: Be careful
1579,32,7,2,2,0,1,3,2,0,0,0,0,0,0,0,0,0,0,0,1,0,0,0,0,0,3,7,2.0,3.0,"2,5",Wn-4: Be careful
1584,37,10,2,1,0,1,1,3,0,0,0,0,0,0,0,0,0,0,0,0,0,0,1,0,0,1,7,3.0,3.0,3,Wn-7: Be careful
1585,37,20,2,1,0,1,2,6,0,0,0,0,0,0,0,0,0,0,0,1,0,0,0,0,0,1,18,4.0,4.0,4,Wn-4: Be careful
1589,38,20,2,2,0,1,2,5,0,0,0,0,0,0,0,0,0,0,0,1,0,0,0,0,0,1,15,1.0,1.0,1,Wn-4: No action
1590,38,20,2,2,0,1,2,5,0,0,0,0,0,0,0,0,0,0,0,0,0,0,1,0,0,1,15,1.0,1.0,1,Wn-7: Be careful
1591,38,20,2,2,0,1,2,4,0,0,0,0,0,0,0,0,0,1,0,0,0,0,0,0,0,1,15,1.0,1.0,1,Wn-2: Be careful
1592,38,24,2,2,0,1,2,5,0,0,0,0,0,0,0,0,0,0,0,1,0,0,0,0,0,1,14,3.0,3.0,3,Wn-4: Be careful
1593,38,24,2,2,0,1,2,5,0,0,0,0,0,0,0,0,0,0,0,0,0,0,0,1,0,1,14,3.0,3.0,3,Wn-8: Be careful
1595,40,5,2,1,0,1,1,2,0,0,0,0,0,0,0,0,0,0,0,0,0,0,0,1,0,1,2,4.0,4.0,4,Wn-8: Adjust fishing time
1596,40,15,2,2,0,1,2,1,0,0,0,0,0,0,0,0,0,0,0,1,0,0,0,0,0,1,10,1.0,1.0,1,Wn-4: Be careful
1598,40,20,2,1,0,1,1,5,0,0,0,0,0,0,0,0,0,0,0,1,0,0,0,0,0,1,15,1.0,1.0,1,Wn-4: Be careful
1599,40,21,2,2,0,1,1,5,0,0,0,0,0,0,0,0,0,0,0,0,1,0,0,0,0,1,10,2.0,2.0,2,Wn-5: Be careful
1600,40,21,2,2,0,1,1,5,0,0,0,0,0,0,0,0,0,0,0,1,0,0,0,0,0,1,15,4.0,4.0,4,Wn-4: Be careful
1601,41,21,2,1,0,1,2,10,0,0,0,0,0,0,0,0,0,0,0,0,0,0,0,1,0,2,18,2.0,2.0,2,Wn-8: Adjust fishing time
1602,41,21,2,1,0,1,2,10,0,0,0,0,0,0,0,0,0,0,0,0,0,0,0,0,1,2,18,2.0,2.0,2,Wn-9: Adjust fishing time
1605,43,10,2,1,0,1,1,4,0,0,0,0,0,0,0,0,0,0,0,1,0,0,0,0,0,1,6,5.0,5.0,5,Wn-4: Be careful
1606,43,10,2,1,0,1,1,4,0,0,0,0,0,0,0,0,0,0,0,0,0,0,1,0,0,1,6,5.0,5.0,5,Wn-7: Be careful
1607,43,10,2,1,0,1,1,4,0,0,0,0,0,0,0,0,0,0,0,0,0,0,0,1,0,1,6,5.0,5.0,5,Wn-8: Be careful
1609,45,10,2,1,0,1,1,3,0,0,0,0,0,0,0,0,0,0,0,1,0,0,0,0,0,1,6,3.0,3.0,3,Wn-4: Be careful
1610,45,10,2,1,0,1,1,3,0,0,0,0,0,0,0,0,0,0,0,0,0,0,1,0,0,1,6,3.0,3.0,3,Wn-7: Be careful
1611,45,10,2,1,0,1,1,3,0,0,0,0,0,0,0,0,0,0,0,0,0,0,0,0,1,1,6,3.0,3.0,3,Wn-9: Be careful
1612,45,15,2,2,0,1,2,3,0,0,0,0,0,0,0,0,0,1,0,0,0,0,0,0,0,1,15,3.0,3.0,3,Wn-2: Be careful
1614,46,15,2,2,0,1,2,4,0,0,0,0,0,0,0,0,0,0,0,1,0,0,0,0,0,2,10,2.0,2.0,2,Wn-4: Adjust fishing time
1615,46,15,2,2,0,1,2,4,0,0,0,0,0,0,0,0,0,0,0,0,0,0,1,0,0,2,10,2.0,2.0,2,Wn-7: Adjust fishing time
1617,46,20,2,1,0,1,2,3,0,0,0,0,0,0,0,0,0,0,0,1,0,0,0,0,0,1,20,4.0,4.0,4,Wn-4: Be careful
1618,46,20,2,1,0,1,2,2,0,0,0,0,0,0,0,0,0,0,0,0,0,0,1,0,0,1,20,4.0,4.0,4,Wn-7: Be careful
1619,46,20,2,1,0,1,2,2,0,0,0,0,0,0,0,0,0,1,0,0,0,0,0,0,0,1,20,2.0,2.0,2,Wn-2: Be careful
1620,46,20,2,2,0,1,2,5,0,0,0,0,0,0,0,0,0,0,0,1,0,0,0,0,0,1,15,5.0,5.0,5,Wn-4: Be careful
1621,46,20,2,2,0,1,2,5,0,0,0,0,0,0,0,0,0,0,0,0,0,0,1,0,0,1,15,5.0,5.0,5,Wn-7: Be careful
1624,48,10,2,1,0,1,1,3,0,0,0,0,0,0,0,0,0,0,0,1,0,0,0,0,0,1,8,4.0,4.0,4,Wn-4: Be careful
1625,48,10,2,1,0,1,1,3,0,0,0,0,0,0,0,0,0,0,0,0,0,0,1,0,0,1,8,4.0,4.0,4,Wn-7: Be careful
1626,48,20,2,3,0,1,1,5,0,0,0,0,0,0,0,0,0,0,0,1,0,0,0,0,0,1,20,4.0,4.0,4,Wn-4: Be careful
1627,48,20,2,3,0,1,1,5,0,0,0,0,0,0,0,0,0,0,0,0,0,0,1,0,0,1,20,4.0,4.0,4,Wn-7: Be careful
1628,48,20,2,3,0,1,1,5,0,0,0,0,0,0,0,0,0,0,0,0,0,0,0,0,1,1,20,4.0,4.0,4,Wn-9: Be careful
1629,48,20,2,1,0,1,1,5,0,0,0,0,0,0,0,0,0,0,0,1,0,0,0,0,0,1,15,1.0,1.0,1,Wn-4: Be careful
1630,48,20,2,1,0,1,1,5,0,0,0,0,0,0,0,0,0,0,0,0,0,0,0,1,0,1,15,1.0,1.0,1,Wn-8: Be careful
1632,50,10,2,1,0,1,1,2,0,0,0,0,0,0,0,0,0,0,0,0,0,0,0,1,0,1,10,2.0,2.0,2,Wn-8: Adjust fishing time
1633,52,3,2,1,0,1,2,4,0,0,0,0,0,0,0,0,0,1,0,0,0,0,0,0,0,1,2,4.0,4.0,4,Wn-2: Be careful
1635,60,25,2,1,0,1,1,4,0,0,0,0,0,0,0,0,0,0,0,1,0,0,0,0,0,1,10,1.0,1.0,1,Wn-4: Be careful
1640,45,15,2,1,0,1,1,3,0,0,0,0,0,0,0,0,0,0,0,0,0,0,1,0,0,1,10,4.0,4.0,4,Wn-7: Be careful
